{
  "Admiration": 0.020944935671286656,
  "Adoration": 0.011142557498533278,
  "Aesthetic Appreciation": 0.044675720841041766,
  "Amusement": 0.028471699985675513,
  "Anger": 0.029974101058905946,
  "Annoyance": 0.06422692486084998,
  "Anxiety": 0.007408705446869135,
  "Awe": 0.013423008919926361,
  "Awkwardness": 0.048135072691366076,
  "Boredom": 0.12033312341663986,
  "Calmness": 0.123147419502493,
  "Concentration": 0.048357526800828055,
  "Confusion": 0.19902910739183427,
  "Contemplation": 0.04803588255308568,
  "Contempt": 0.04609759976156056,
  "Contentment": 0.05433375178836286,
  "Craving": 0.0050152345676906405,
  "Determination": 0.02231337842531502,
  "Disappointment": 0.044074078928679226,
  "Disapproval": 0.048375228408258406,
  "Disgust": 0.030647189466981216,
  "Distress": 0.014799625030718744,
  "Doubt": 0.031778418947942554,
  "Ecstasy": 0.005946441421110648,
  "Embarrassment": 0.011190342262852936,
  "Empathic Pain": 0.005200297205010429,
  "Enthusiasm": 0.019814907212276012,
  "Entrancement": 0.01853785295097623,
  "Envy": 0.0057930645940359685,
  "Excitement": 0.009339017226011492,
  "Fear": 0.005461067715077661,
  "Gratitude": 0.005814689693215769,
  "Guilt": 0.004274955470464192,
  "Horror": 0.004503049651248148,
  "Interest": 0.06005542511702515,
  "Joy": 0.01925507436681073,
  "Love": 0.007840801400016062,
  "Nostalgia": 0.0088288621569518,
  "Pain": 0.009219074391876348,
  "Pride": 0.011486355785746128,
  "Realization": 0.04708172371610999,
  "Relief": 0.012424778536660597,
  "Romance": 0.00515976958849933,
  "Sadness": 0.013523753976915031,
  "Sarcasm": 0.01966428607702255,
  "Satisfaction": 0.045406666921917346,
  "Desire": 0.011818392819259315,
  "Shame": 0.017713897686917335,
  "Surprise (negative)": 0.05045545611646958,
  "Surprise (positive)": 0.02893556101480499,
  "Sympathy": 0.008262424421263858,
  "Tiredness": 0.02734758178703487,
  "Triumph": 0.02044229591265321
}