{
  "Admiration": 0.027164140692912044,
  "Adoration": 0.017939583532279358,
  "Aesthetic Appreciation": 0.04711143369786441,
  "Amusement": 0.025856944196857513,
  "Anger": 0.005619873176328838,
  "Annoyance": 0.028910073987208306,
  "Anxiety": 0.006921065400820226,
  "Awe": 0.01679799018893391,
  "Awkwardness": 0.03631904595531523,
  "Boredom": 0.09349465651903302,
  "Calmness": 0.13945842273533343,
  "Concentration": 0.06860994859598576,
  "Confusion": 0.1584314643405378,
  "Contemplation": 0.06416925089433789,
  "Contempt": 0.023381528980098664,
  "Contentment": 0.08392836200073361,
  "Craving": 0.007269730471307412,
  "Determination": 0.04376279516145587,
  "Disappointment": 0.017848910251632332,
  "Disapproval": 0.014274132251739503,
  "Disgust": 0.007109123995178379,
  "Distress": 0.009062581061152741,
  "Doubt": 0.02444631249527447,
  "Ecstasy": 0.01365578595432453,
  "Embarrassment": 0.0071715267142280935,
  "Empathic Pain": 0.005748387542553246,
  "Enthusiasm": 0.027069166814908386,
  "Entrancement": 0.026280522206798197,
  "Envy": 0.0040856468782294545,
  "Excitement": 0.014309729705564678,
  "Fear": 0.0035513676193659194,
  "Gratitude": 0.011765197297791019,
  "Guilt": 0.0029398334183497353,
  "Horror": 0.0026865136707783675,
  "Interest": 0.0747972320765257,
  "Joy": 0.030628815875388682,
  "Love": 0.014987513519008644,
  "Nostalgia": 0.010771448584273457,
  "Pain": 0.009032581991050392,
  "Pride": 0.016665465483674778,
  "Realization": 0.048498157132416966,
  "Relief": 0.03550763889215887,
  "Romance": 0.00689762070105644,
  "Sadness": 0.008240496582584456,
  "Sarcasm": 0.014718681038357318,
  "Satisfaction": 0.07448421809822321,
  "Desire": 0.015404633470461703,
  "Shame": 0.009672040317673236,
  "Surprise (negative)": 0.02883258236106485,
  "Surprise (positive)": 0.025491168559528887,
  "Sympathy": 0.007919275161111728,
  "Tiredness": 0.04293563369428739,
  "Triumph": 0.03931311882915907
}