{
  "Admiration": 0.015782868850510567,
  "Adoration": 0.009219478914747014,
  "Aesthetic Appreciation": 0.025548845611047,
  "Amusement": 0.026429998863022774,
  "Anger": 0.009470017315470614,
  "Annoyance": 0.051632515247911216,
  "Anxiety": 0.030330867529846726,
  "Awe": 0.010405201243702322,
  "Awkwardness": 0.05508710234425962,
  "Boredom": 0.10210942081175745,
  "Calmness": 0.16912578153423966,
  "Concentration": 0.05784496520645917,
  "Confusion": 0.16533719645813108,
  "Contemplation": 0.045650907419621946,
  "Contempt": 0.029560921667143702,
  "Contentment": 0.0578691924107261,
  "Craving": 0.003198771073948592,
  "Determination": 0.028406158555299044,
  "Disappointment": 0.03128309504245408,
  "Disapproval": 0.026984141540015116,
  "Disgust": 0.008414984546834602,
  "Distress": 0.03805251379963011,
  "Doubt": 0.03046355419792235,
  "Ecstasy": 0.004275058596977033,
  "Embarrassment": 0.011070566141279414,
  "Empathic Pain": 0.008774496684782206,
  "Enthusiasm": 0.017779769364278764,
  "Entrancement": 0.014700896525755524,
  "Envy": 0.0036810795732890255,
  "Excitement": 0.008306138863554224,
  "Fear": 0.0453875387320295,
  "Gratitude": 0.007209087623050436,
  "Guilt": 0.003931689338060096,
  "Horror": 0.013284697226481512,
  "Interest": 0.05440308558754623,
  "Joy": 0.014168859517667443,
  "Love": 0.010820462359697558,
  "Nostalgia": 0.006364404072519392,
  "Pain": 0.013231731386622415,
  "Pride": 0.01221633282257244,
  "Realization": 0.0502500191796571,
  "Relief": 0.01391802254365757,
  "Romance": 0.005510288778168615,
  "Sadness": 0.01618108191760257,
  "Sarcasm": 0.0242390280822292,
  "Satisfaction": 0.043653714819811285,
  "Desire": 0.007839304475055542,
  "Shame": 0.012669692013878376,
  "Surprise (negative)": 0.04467918461887166,
  "Surprise (positive)": 0.021814323810394852,
  "Sympathy": 0.01338380114757456,
  "Tiredness": 0.028057416994124652,
  "Triumph": 0.021814396674744784
}