{
  "Admiration": 0.03518896989990026,
  "Adoration": 0.019786506006494165,
  "Aesthetic Appreciation": 0.039840070670470594,
  "Amusement": 0.024916856130585075,
  "Anger": 0.008061623887624592,
  "Annoyance": 0.044534403411671517,
  "Anxiety": 0.007780949457082897,
  "Awe": 0.01563601321540773,
  "Awkwardness": 0.043958852021023634,
  "Boredom": 0.09485618229955435,
  "Calmness": 0.11892421939410269,
  "Concentration": 0.048713178280740975,
  "Confusion": 0.20018802676349878,
  "Contemplation": 0.04871895308606326,
  "Contempt": 0.025356505624949933,
  "Contentment": 0.04950117028784007,
  "Craving": 0.008487202785909176,
  "Determination": 0.017725043988320976,
  "Disappointment": 0.0296196938958019,
  "Disapproval": 0.016497766552492975,
  "Disgust": 0.006445163721218705,
  "Distress": 0.013239961722865701,
  "Doubt": 0.02964968662708998,
  "Ecstasy": 0.007285540702287108,
  "Embarrassment": 0.008330420788843185,
  "Empathic Pain": 0.00906428850721568,
  "Enthusiasm": 0.016943925351370126,
  "Entrancement": 0.021721812058240177,
  "Envy": 0.0064802250941284004,
  "Excitement": 0.008392148098209873,
  "Fear": 0.0035862091986928134,
  "Gratitude": 0.01036707025486976,
  "Guilt": 0.003099830326391384,
  "Horror": 0.0023316895618336274,
  "Interest": 0.05342274336144328,
  "Joy": 0.020531804230995477,
  "Love": 0.016879528772551566,
  "Nostalgia": 0.011112128430977464,
  "Pain": 0.013895542814861984,
  "Pride": 0.014589117979630828,
  "Realization": 0.042323563480749726,
  "Relief": 0.012790416239295156,
  "Romance": 0.010083846014458686,
  "Sadness": 0.01857915611471981,
  "Sarcasm": 0.020555363921448588,
  "Satisfaction": 0.047623910126276314,
  "Desire": 0.01782709396793507,
  "Shame": 0.010875153145752848,
  "Surprise (negative)": 0.0536449666833505,
  "Surprise (positive)": 0.02900049544405192,
  "Sympathy": 0.01315511534921825,
  "Tiredness": 0.03043760610744357,
  "Triumph": 0.021695663640275597
}