{
  "Admiration": 0.03163882010849193,
  "Adoration": 0.011666835608775728,
  "Aesthetic Appreciation": 0.0432535944506526,
  "Amusement": 0.038725548540242016,
  "Anger": 0.0044124998326879,
  "Annoyance": 0.03976418562233448,
  "Anxiety": 0.006196818966418505,
  "Awe": 0.01911372345057316,
  "Awkwardness": 0.045070853596553204,
  "Boredom": 0.10468541514128446,
  "Calmness": 0.11483798865228892,
  "Concentration": 0.06779225058853626,
  "Confusion": 0.19004054027609527,
  "Contemplation": 0.054626650642603636,
  "Contempt": 0.025285162683576345,
  "Contentment": 0.05182141484692693,
  "Craving": 0.004873413269524463,
  "Determination": 0.042455016484018414,
  "Disappointment": 0.024958684341982007,
  "Disapproval": 0.017404686892405152,
  "Disgust": 0.005469185340916738,
  "Distress": 0.008069266728125513,
  "Doubt": 0.028020615875720977,
  "Ecstasy": 0.006266206750296988,
  "Embarrassment": 0.009436102511244826,
  "Empathic Pain": 0.005401533277472481,
  "Enthusiasm": 0.03359358180314302,
  "Entrancement": 0.019161487347446382,
  "Envy": 0.0065739826037315655,
  "Excitement": 0.014994944958016277,
  "Fear": 0.003148686530767009,
  "Gratitude": 0.007196674484293908,
  "Guilt": 0.0028736698150169104,
  "Horror": 0.0016431957708846312,
  "Interest": 0.07973452787846327,
  "Joy": 0.019902632175944745,
  "Love": 0.007847806184145156,
  "Nostalgia": 0.00791130077559501,
  "Pain": 0.0074193356558680534,
  "Pride": 0.03240574999945238,
  "Realization": 0.05631374097429216,
  "Relief": 0.0102724619791843,
  "Romance": 0.0040972517668706136,
  "Sadness": 0.008072655211435631,
  "Sarcasm": 0.02871660954551771,
  "Satisfaction": 0.060182649781927465,
  "Desire": 0.0074767012974916724,
  "Shame": 0.010158865759149194,
  "Surprise (negative)": 0.03669751426205039,
  "Surprise (positive)": 0.037770928465761244,
  "Sympathy": 0.009500123606994749,
  "Tiredness": 0.025941309158224613,
  "Triumph": 0.0430460758972913
}