{
  "Admiration": 0.031492927146609874,
  "Adoration": 0.014867358762421646,
  "Aesthetic Appreciation": 0.042927983682602644,
  "Amusement": 0.02669702945277095,
  "Anger": 0.01597624103887938,
  "Annoyance": 0.04530002324609086,
  "Anxiety": 0.008205798082053661,
  "Awe": 0.018247546500060708,
  "Awkwardness": 0.04320042567560449,
  "Boredom": 0.10566176678985358,
  "Calmness": 0.11969490917399525,
  "Concentration": 0.05155886965803802,
  "Confusion": 0.16021833550184966,
  "Contemplation": 0.05195447646547109,
  "Contempt": 0.034111383557319644,
  "Contentment": 0.05267625593114644,
  "Craving": 0.0075466202542884275,
  "Determination": 0.020140714969602413,
  "Disappointment": 0.029486717528197915,
  "Disapproval": 0.026115677715279163,
  "Disgust": 0.0377974362068926,
  "Distress": 0.018445603857981042,
  "Doubt": 0.024187557119876146,
  "Ecstasy": 0.007052397885126993,
  "Embarrassment": 0.010535049735335634,
  "Empathic Pain": 0.008767036482458935,
  "Enthusiasm": 0.020549475483130665,
  "Entrancement": 0.02447220792528242,
  "Envy": 0.0052015992521774026,
  "Excitement": 0.010205002641305328,
  "Fear": 0.004273744209785946,
  "Gratitude": 0.02091913570766337,
  "Guilt": 0.004717213986441493,
  "Horror": 0.008064750214543892,
  "Interest": 0.05143471306655556,
  "Joy": 0.01947023116517812,
  "Love": 0.018527632219775114,
  "Nostalgia": 0.009241703327279537,
  "Pain": 0.015760650933953003,
  "Pride": 0.013821393257239833,
  "Realization": 0.05141449379734695,
  "Relief": 0.011707963224034756,
  "Romance": 0.008276944774843286,
  "Sadness": 0.017178536619758232,
  "Sarcasm": 0.027307945280335845,
  "Satisfaction": 0.04592484128661454,
  "Desire": 0.012115034728776664,
  "Shame": 0.014651041245087981,
  "Surprise (negative)": 0.039277203078381714,
  "Surprise (positive)": 0.022595171071588992,
  "Sympathy": 0.012389285484096036,
  "Tiredness": 0.029479304840788246,
  "Triumph": 0.02292210698360577
}