{
  "Admiration": 0.02269656098796986,
  "Adoration": 0.008921014203224331,
  "Aesthetic Appreciation": 0.028696079493965954,
  "Amusement": 0.02392388496664353,
  "Anger": 0.011968018798506818,
  "Annoyance": 0.06006356910802424,
  "Anxiety": 0.01018803789629601,
  "Awe": 0.010981758224079385,
  "Awkwardness": 0.041509968182072046,
  "Boredom": 0.08862953260540962,
  "Calmness": 0.14111269488930703,
  "Concentration": 0.0702047205530107,
  "Confusion": 0.18183446649927645,
  "Contemplation": 0.07152249682694674,
  "Contempt": 0.03388044717721641,
  "Contentment": 0.07067165174521506,
  "Craving": 0.005662046110955998,
  "Determination": 0.05089946354273707,
  "Disappointment": 0.031461591308470815,
  "Disapproval": 0.028226695617195218,
  "Disgust": 0.007545259459584485,
  "Distress": 0.015157649747561664,
  "Doubt": 0.030619273707270623,
  "Ecstasy": 0.006530511737219058,
  "Embarrassment": 0.007896177501243074,
  "Empathic Pain": 0.006604362692451104,
  "Enthusiasm": 0.033428956544958054,
  "Entrancement": 0.016622469446156175,
  "Envy": 0.00415339355240576,
  "Excitement": 0.021612139034550636,
  "Fear": 0.005352054815739393,
  "Gratitude": 0.011080386448884382,
  "Guilt": 0.0033713045297190545,
  "Horror": 0.0020881032003671864,
  "Interest": 0.0588835614034906,
  "Joy": 0.019022063974989577,
  "Love": 0.012957575368636754,
  "Nostalgia": 0.009117610967950895,
  "Pain": 0.01056730434356723,
  "Pride": 0.02483836861792952,
  "Realization": 0.06380242379382253,
  "Relief": 0.022509959014132618,
  "Romance": 0.006253930982711609,
  "Sadness": 0.01510954369441606,
  "Sarcasm": 0.02244420547503978,
  "Satisfaction": 0.06543910633772612,
  "Desire": 0.009285584395911428,
  "Shame": 0.011167543102055788,
  "Surprise (negative)": 0.03514873284730129,
  "Surprise (positive)": 0.02859279821277596,
  "Sympathy": 0.010713818448130042,
  "Tiredness": 0.03058282579295337,
  "Triumph": 0.043958820821717384
}