{
  "Admiration": 0.02104566922644153,
  "Adoration": 0.010211766173597425,
  "Aesthetic Appreciation": 0.04999192848335952,
  "Amusement": 0.02455602081026882,
  "Anger": 0.0044670628587482495,
  "Annoyance": 0.03544781914679333,
  "Anxiety": 0.009462479539797642,
  "Awe": 0.012253537087235599,
  "Awkwardness": 0.040540539636276664,
  "Boredom": 0.10852093175053597,
  "Calmness": 0.1464154664427042,
  "Concentration": 0.0566324969753623,
  "Confusion": 0.16855156160891055,
  "Contemplation": 0.06750799026340246,
  "Contempt": 0.024495038157328963,
  "Contentment": 0.05783514054492116,
  "Craving": 0.007885239622555672,
  "Determination": 0.021892306860536337,
  "Disappointment": 0.022370923589915038,
  "Disapproval": 0.015427441382780672,
  "Disgust": 0.005739168313448317,
  "Distress": 0.012329108917037956,
  "Doubt": 0.02878538011573255,
  "Ecstasy": 0.007121234439546242,
  "Embarrassment": 0.008126368778175675,
  "Empathic Pain": 0.011296097986632957,
  "Enthusiasm": 0.017466577445156874,
  "Entrancement": 0.023262323089875282,
  "Envy": 0.004487857996718958,
  "Excitement": 0.008271286729723215,
  "Fear": 0.003868596817483194,
  "Gratitude": 0.009678878082195298,
  "Guilt": 0.0034967930550919846,
  "Horror": 0.001996709842569544,
  "Interest": 0.051792990509420635,
  "Joy": 0.015624530613422394,
  "Love": 0.010999394394457341,
  "Nostalgia": 0.013750981935299934,
  "Pain": 0.013942960303393193,
  "Pride": 0.01179784900159575,
  "Realization": 0.060310696624219416,
  "Relief": 0.018790614092722535,
  "Romance": 0.007931956299580633,
  "Sadness": 0.012724919768515974,
  "Sarcasm": 0.018712520669214427,
  "Satisfaction": 0.05230358839035034,
  "Desire": 0.016394127033709082,
  "Shame": 0.01053586279740557,
  "Surprise (negative)": 0.030432679934892803,
  "Surprise (positive)": 0.02456917832605541,
  "Sympathy": 0.01814038453157991,
  "Tiredness": 0.045302393333986404,
  "Triumph": 0.021356715471483767
}