{
  "Admiration": 0.019934571592602878,
  "Adoration": 0.010579723544651642,
  "Aesthetic Appreciation": 0.04065408442402259,
  "Amusement": 0.027094215038232505,
  "Anger": 0.008415238338056952,
  "Annoyance": 0.03680316142272204,
  "Anxiety": 0.011050709168193862,
  "Awe": 0.016099104104796425,
  "Awkwardness": 0.05430402267957106,
  "Boredom": 0.0989859423134476,
  "Calmness": 0.12410053573548793,
  "Concentration": 0.055905445478856564,
  "Confusion": 0.20948836584575475,
  "Contemplation": 0.04898824142292142,
  "Contempt": 0.024270485807210206,
  "Contentment": 0.050019075907766816,
  "Craving": 0.004227640133467503,
  "Determination": 0.021180308284237982,
  "Disappointment": 0.02623680860269815,
  "Disapproval": 0.02024519389960915,
  "Disgust": 0.008933794863696675,
  "Distress": 0.01603206240106374,
  "Doubt": 0.02765605258755386,
  "Ecstasy": 0.006874771491857246,
  "Embarrassment": 0.011769567953888328,
  "Empathic Pain": 0.00699756687390618,
  "Enthusiasm": 0.019431222067214548,
  "Entrancement": 0.024500651366543023,
  "Envy": 0.003885643160174368,
  "Excitement": 0.011317456956021488,
  "Fear": 0.0065995743178064005,
  "Gratitude": 0.009521035134093836,
  "Guilt": 0.004254985072475392,
  "Horror": 0.0038234136631217553,
  "Interest": 0.05057187145575881,
  "Joy": 0.017794543760828674,
  "Love": 0.008999578282237053,
  "Nostalgia": 0.012144816399086267,
  "Pain": 0.010349413100630044,
  "Pride": 0.011123030539602041,
  "Realization": 0.04696866301819682,
  "Relief": 0.015326277527492493,
  "Romance": 0.006350751282298006,
  "Sadness": 0.011683394014835358,
  "Sarcasm": 0.01792605876689777,
  "Satisfaction": 0.04271972319111228,
  "Desire": 0.011637961483211256,
  "Shame": 0.013567054941086098,
  "Surprise (negative)": 0.044676670909393576,
  "Surprise (positive)": 0.02631569488439709,
  "Sympathy": 0.011985280690714717,
  "Tiredness": 0.032809859700500967,
  "Triumph": 0.021564279915764928
}