{
  "Admiration": 0.02258818512200378,
  "Adoration": 0.01788387772103306,
  "Aesthetic Appreciation": 0.04146565268747508,
  "Amusement": 0.022230482025770472,
  "Anger": 0.007800298545043915,
  "Annoyance": 0.049511171597987416,
  "Anxiety": 0.007868241891264916,
  "Awe": 0.012004033161792904,
  "Awkwardness": 0.04293073760345578,
  "Boredom": 0.10844924105331302,
  "Calmness": 0.11971621718257666,
  "Concentration": 0.06376195158809424,
  "Confusion": 0.19365848759189247,
  "Contemplation": 0.06297642011195421,
  "Contempt": 0.02520596794784069,
  "Contentment": 0.05014153486117721,
  "Craving": 0.010490330110769719,
  "Determination": 0.023915990930981935,
  "Disappointment": 0.028933468158356845,
  "Disapproval": 0.022732972621452064,
  "Disgust": 0.006762334200902842,
  "Distress": 0.010857653873972594,
  "Doubt": 0.033691690280102195,
  "Ecstasy": 0.0090285494341515,
  "Embarrassment": 0.008290912315715104,
  "Empathic Pain": 0.005382884875871241,
  "Enthusiasm": 0.01967943017370999,
  "Entrancement": 0.022075048892293125,
  "Envy": 0.004796672504744493,
  "Excitement": 0.010394023574190215,
  "Fear": 0.0037034195323940367,
  "Gratitude": 0.007970291908713989,
  "Guilt": 0.0031124805100262165,
  "Horror": 0.0019225503754569217,
  "Interest": 0.061911072209477426,
  "Joy": 0.02016595795284957,
  "Love": 0.03714757117559202,
  "Nostalgia": 0.009503801222308539,
  "Pain": 0.007146933174226433,
  "Pride": 0.011356585507746786,
  "Realization": 0.06349949333816766,
  "Relief": 0.012233189167454838,
  "Romance": 0.03565825633122586,
  "Sadness": 0.00997184092993848,
  "Sarcasm": 0.014640491572208703,
  "Satisfaction": 0.04680401226505637,
  "Desire": 0.02162719472980825,
  "Shame": 0.010256386280525475,
  "Surprise (negative)": 0.038036114256829026,
  "Surprise (positive)": 0.02632919275201857,
  "Sympathy": 0.008687172608915716,
  "Tiredness": 0.02827119987923652,
  "Triumph": 0.019274902017787098
}