{
  "Admiration": 0.022621925524435937,
  "Adoration": 0.013289533031638712,
  "Aesthetic Appreciation": 0.034980807732790706,
  "Amusement": 0.030339597444981336,
  "Anger": 0.0049087595572927965,
  "Annoyance": 0.0392069592140615,
  "Anxiety": 0.0068518034706357865,
  "Awe": 0.01178851273143664,
  "Awkwardness": 0.0478859081864357,
  "Boredom": 0.11996477460488678,
  "Calmness": 0.13041290752589701,
  "Concentration": 0.050319053744897244,
  "Confusion": 0.19772445883136242,
  "Contemplation": 0.0425652553094551,
  "Contempt": 0.023675466515123846,
  "Contentment": 0.05940160248428583,
  "Craving": 0.0064455505344085395,
  "Determination": 0.021524631010834128,
  "Disappointment": 0.019956013164483012,
  "Disapproval": 0.014083877403754741,
  "Disgust": 0.006622285963385366,
  "Distress": 0.009565884893527254,
  "Doubt": 0.027990337216760964,
  "Ecstasy": 0.00625849724165164,
  "Embarrassment": 0.00754770323401317,
  "Empathic Pain": 0.0077548518194817005,
  "Enthusiasm": 0.023168743681162597,
  "Entrancement": 0.018719044304452835,
  "Envy": 0.005305899737868458,
  "Excitement": 0.011268375650979578,
  "Fear": 0.003005835576914251,
  "Gratitude": 0.01322733877459541,
  "Guilt": 0.0027049380441894755,
  "Horror": 0.0014392342316568829,
  "Interest": 0.061464062659069896,
  "Joy": 0.02424892035778612,
  "Love": 0.013621269242139532,
  "Nostalgia": 0.009399102441966534,
  "Pain": 0.008378360953065567,
  "Pride": 0.014104677538853139,
  "Realization": 0.037590656662359834,
  "Relief": 0.013051867159083486,
  "Romance": 0.008424443333933596,
  "Sadness": 0.010042023553978652,
  "Sarcasm": 0.027850496210157873,
  "Satisfaction": 0.04904902488924563,
  "Desire": 0.011393458393285982,
  "Shame": 0.008437639521434902,
  "Surprise (negative)": 0.031605362356640396,
  "Surprise (positive)": 0.025806835712864996,
  "Sympathy": 0.012487382965628058,
  "Tiredness": 0.033893145504407585,
  "Triumph": 0.020457974693272263
}