{
  "Admiration": 0.012465294363209978,
  "Adoration": 0.008354869749746285,
  "Aesthetic Appreciation": 0.025036697078030558,
  "Amusement": 0.025356238312087952,
  "Anger": 0.021394359273836018,
  "Annoyance": 0.075404268829152,
  "Anxiety": 0.01197511312784627,
  "Awe": 0.007644591428106651,
  "Awkwardness": 0.04840284436941147,
  "Boredom": 0.10429610372520984,
  "Calmness": 0.14426916772499682,
  "Concentration": 0.05377282361732796,
  "Confusion": 0.1818059260956943,
  "Contemplation": 0.049497538292780516,
  "Contempt": 0.03676106203347444,
  "Contentment": 0.05076298965141177,
  "Craving": 0.006254380714381114,
  "Determination": 0.04653712317813188,
  "Disappointment": 0.03194668099749833,
  "Disapproval": 0.03716725127305835,
  "Disgust": 0.016764657676685602,
  "Distress": 0.022881920565851033,
  "Doubt": 0.0366047915071249,
  "Ecstasy": 0.005543031591514591,
  "Embarrassment": 0.007864787615835667,
  "Empathic Pain": 0.005550025339471176,
  "Enthusiasm": 0.020632417988963425,
  "Entrancement": 0.014621838292805478,
  "Envy": 0.0033756631048163397,
  "Excitement": 0.00997233180096373,
  "Fear": 0.006253449630457908,
  "Gratitude": 0.009423977672122419,
  "Guilt": 0.0035957869375124575,
  "Horror": 0.0035287045953737105,
  "Interest": 0.06288989963941276,
  "Joy": 0.01802889790851623,
  "Love": 0.011199062289961148,
  "Nostalgia": 0.014266404605587013,
  "Pain": 0.01649874784925487,
  "Pride": 0.009735410171560942,
  "Realization": 0.04555782685056329,
  "Relief": 0.020044465269893407,
  "Romance": 0.010258461910416372,
  "Sadness": 0.00998866032459773,
  "Sarcasm": 0.025269598071463405,
  "Satisfaction": 0.043936312478035686,
  "Desire": 0.013176856184145436,
  "Shame": 0.010254911874653772,
  "Surprise (negative)": 0.03971294441726059,
  "Surprise (positive)": 0.024427142238710075,
  "Sympathy": 0.008523975306889042,
  "Tiredness": 0.031466232240200044,
  "Triumph": 0.016715156845748425
}