{
  "Admiration": 0.029281945864204316,
  "Adoration": 0.01291013098671101,
  "Aesthetic Appreciation": 0.033052863599732515,
  "Amusement": 0.02536078847479075,
  "Anger": 0.006140679388772696,
  "Annoyance": 0.050739992130547765,
  "Anxiety": 0.008798674202989788,
  "Awe": 0.011393385188421234,
  "Awkwardness": 0.05303726696874946,
  "Boredom": 0.13903245967812836,
  "Calmness": 0.11433877767995,
  "Concentration": 0.06852897857315839,
  "Confusion": 0.17542317300103605,
  "Contemplation": 0.04361425433307886,
  "Contempt": 0.029956963239237668,
  "Contentment": 0.04850627211853862,
  "Craving": 0.0057309011870529504,
  "Determination": 0.045487484606564973,
  "Disappointment": 0.029541181202512236,
  "Disapproval": 0.021413934894371777,
  "Disgust": 0.006648627982940525,
  "Distress": 0.01386185884475708,
  "Doubt": 0.030072623456362635,
  "Ecstasy": 0.0058180438019917345,
  "Embarrassment": 0.009515924658626319,
  "Empathic Pain": 0.004727684648241848,
  "Enthusiasm": 0.023447797168046236,
  "Entrancement": 0.018605256907176227,
  "Envy": 0.0051520673849154265,
  "Excitement": 0.009584582562092691,
  "Fear": 0.003346533342846669,
  "Gratitude": 0.02304285752470605,
  "Guilt": 0.002758245597942732,
  "Horror": 0.0013794555547065102,
  "Interest": 0.06255576089024543,
  "Joy": 0.015476806636434049,
  "Love": 0.013267447242105846,
  "Nostalgia": 0.005514841276453808,
  "Pain": 0.008431217182078399,
  "Pride": 0.02218183257500641,
  "Realization": 0.04951023757457733,
  "Relief": 0.012657712626969441,
  "Romance": 0.007008445350220427,
  "Sadness": 0.010836033325176686,
  "Sarcasm": 0.02523871515877545,
  "Satisfaction": 0.053059432003647086,
  "Desire": 0.00962378409167286,
  "Shame": 0.010238744621165096,
  "Surprise (negative)": 0.03074971925234422,
  "Surprise (positive)": 0.02393250780296512,
  "Sympathy": 0.00796004855656065,
  "Tiredness": 0.04886948285857216,
  "Triumph": 0.02722249526414089
}