{
  "Admiration": 0.025043241586536168,
  "Adoration": 0.010641677791136317,
  "Aesthetic Appreciation": 0.04518164787441492,
  "Amusement": 0.029137846757657827,
  "Anger": 0.005194830740219913,
  "Annoyance": 0.03876758273690939,
  "Anxiety": 0.005903019686229527,
  "Awe": 0.011458155600121245,
  "Awkwardness": 0.0417400230653584,
  "Boredom": 0.11203419528901577,
  "Calmness": 0.1573721995577216,
  "Concentration": 0.06022558561526239,
  "Confusion": 0.17176624666899443,
  "Contemplation": 0.048767301719635725,
  "Contempt": 0.02854671599343419,
  "Contentment": 0.06691442136652767,
  "Craving": 0.005206073701265268,
  "Determination": 0.03041145505849272,
  "Disappointment": 0.031889096810482444,
  "Disapproval": 0.01855075255734846,
  "Disgust": 0.005870666285045445,
  "Distress": 0.009080664021894336,
  "Doubt": 0.028450023056939243,
  "Ecstasy": 0.0060427769145462665,
  "Embarrassment": 0.009726684360066429,
  "Empathic Pain": 0.006305879255523905,
  "Enthusiasm": 0.026640947442501783,
  "Entrancement": 0.01766337387962267,
  "Envy": 0.00413841396511998,
  "Excitement": 0.010877358069410547,
  "Fear": 0.0025647287955507638,
  "Gratitude": 0.01357142521883361,
  "Guilt": 0.003618680211366154,
  "Horror": 0.0013463579438393936,
  "Interest": 0.07369162163231521,
  "Joy": 0.0223271380411461,
  "Love": 0.007369700192066375,
  "Nostalgia": 0.008649642212549224,
  "Pain": 0.010578890389297158,
  "Pride": 0.015131455298978835,
  "Realization": 0.0441574034281075,
  "Relief": 0.015786132926587017,
  "Romance": 0.004315796472656075,
  "Sadness": 0.021050552459200844,
  "Sarcasm": 0.022270972770638765,
  "Satisfaction": 0.0600707991514355,
  "Desire": 0.007831782604625914,
  "Shame": 0.0106755894375965,
  "Surprise (negative)": 0.029670729744248094,
  "Surprise (positive)": 0.025359972636215387,
  "Sympathy": 0.008457842038478703,
  "Tiredness": 0.025295507651753722,
  "Triumph": 0.023556810209993274
}