{
  "Admiration": 0.02018386353738606,
  "Adoration": 0.011760558135574684,
  "Aesthetic Appreciation": 0.042589912610128525,
  "Amusement": 0.025997412274591625,
  "Anger": 0.00517920108686667,
  "Annoyance": 0.03454551303293556,
  "Anxiety": 0.006632473797071725,
  "Awe": 0.01079940387280658,
  "Awkwardness": 0.04171010944992304,
  "Boredom": 0.09665193329565228,
  "Calmness": 0.14111649952828884,
  "Concentration": 0.07011274390388281,
  "Confusion": 0.1963901102542877,
  "Contemplation": 0.06195194898173213,
  "Contempt": 0.02419920959509909,
  "Contentment": 0.05036065801978111,
  "Craving": 0.015905457522603684,
  "Determination": 0.03902470750035718,
  "Disappointment": 0.022089892893563955,
  "Disapproval": 0.016645000642165543,
  "Disgust": 0.006013531913049519,
  "Distress": 0.010092166729737072,
  "Doubt": 0.0312566906795837,
  "Ecstasy": 0.0068454932537861165,
  "Embarrassment": 0.006577689945697784,
  "Empathic Pain": 0.006059717392781749,
  "Enthusiasm": 0.02606244954513386,
  "Entrancement": 0.02041000537574291,
  "Envy": 0.005270617586211302,
  "Excitement": 0.010833698359783739,
  "Fear": 0.00314966453879606,
  "Gratitude": 0.007196411269251257,
  "Guilt": 0.002641023782780394,
  "Horror": 0.001829436333355261,
  "Interest": 0.07554191313683986,
  "Joy": 0.019588390516582878,
  "Love": 0.011730774771422148,
  "Nostalgia": 0.012543196215119679,
  "Pain": 0.009941837529186159,
  "Pride": 0.01586712772259489,
  "Realization": 0.043720603547990324,
  "Relief": 0.010411409416701645,
  "Romance": 0.01078564737981651,
  "Sadness": 0.010083838629361708,
  "Sarcasm": 0.021836941642686725,
  "Satisfaction": 0.04988047662191093,
  "Desire": 0.015850653217057697,
  "Shame": 0.008397888828767464,
  "Surprise (negative)": 0.029758093948476016,
  "Surprise (positive)": 0.023776707332581283,
  "Sympathy": 0.009562987752724439,
  "Tiredness": 0.023029475065413862,
  "Triumph": 0.03091070073423907
}