{
  "Admiration": 0.02747039016103372,
  "Adoration": 0.01687531255884096,
  "Aesthetic Appreciation": 0.05051967543549836,
  "Amusement": 0.026704085990786552,
  "Anger": 0.011684182487078943,
  "Annoyance": 0.0408882605494,
  "Anxiety": 0.00828090228314977,
  "Awe": 0.015410543908365071,
  "Awkwardness": 0.04125549308955669,
  "Boredom": 0.11143440036103129,
  "Calmness": 0.14007834643125533,
  "Concentration": 0.05308287665247917,
  "Confusion": 0.16290874718688428,
  "Contemplation": 0.06155816437676549,
  "Contempt": 0.030231491150334477,
  "Contentment": 0.061243554344400764,
  "Craving": 0.005465369187731994,
  "Determination": 0.01907449048012495,
  "Disappointment": 0.037581713183317336,
  "Disapproval": 0.03243738225428387,
  "Disgust": 0.012276758044026791,
  "Distress": 0.015573359045083635,
  "Doubt": 0.03157591874478385,
  "Ecstasy": 0.00626617968082428,
  "Embarrassment": 0.009814402129268273,
  "Empathic Pain": 0.0063248184276744725,
  "Enthusiasm": 0.019310584693448617,
  "Entrancement": 0.023907447757665068,
  "Envy": 0.0035254491464002057,
  "Excitement": 0.008556544219027273,
  "Fear": 0.00684360050217947,
  "Gratitude": 0.009360500215552747,
  "Guilt": 0.0032369167907745577,
  "Horror": 0.004941396928188624,
  "Interest": 0.05685926226433367,
  "Joy": 0.022570516727864743,
  "Love": 0.01619887383421883,
  "Nostalgia": 0.012656722782412543,
  "Pain": 0.011278054636204616,
  "Pride": 0.011140065675135702,
  "Realization": 0.04986950824968517,
  "Relief": 0.010285354824736715,
  "Romance": 0.008367150570848025,
  "Sadness": 0.015068487159442156,
  "Sarcasm": 0.01873735673725605,
  "Satisfaction": 0.044857293856330215,
  "Desire": 0.011363336139402236,
  "Shame": 0.014953854330815374,
  "Surprise (negative)": 0.04304962143069133,
  "Surprise (positive)": 0.022110420255921782,
  "Sympathy": 0.009049507702002302,
  "Tiredness": 0.04072421647142619,
  "Triumph": 0.016356695792637765
}