{
  "Admiration": 0.019566920876968652,
  "Adoration": 0.010375836549792438,
  "Aesthetic Appreciation": 0.03403279813937843,
  "Amusement": 0.03145662484457716,
  "Anger": 0.00825325564655941,
  "Annoyance": 0.04674805346876383,
  "Anxiety": 0.007862080007907935,
  "Awe": 0.010640847531612962,
  "Awkwardness": 0.045372144971042874,
  "Boredom": 0.09637042619287968,
  "Calmness": 0.11685887482017279,
  "Concentration": 0.04353414867073298,
  "Confusion": 0.19948857906274498,
  "Contemplation": 0.05050229681655764,
  "Contempt": 0.02893165023997426,
  "Contentment": 0.054723539669066665,
  "Craving": 0.006659694263362326,
  "Determination": 0.021456841751933096,
  "Disappointment": 0.02610522354952991,
  "Disapproval": 0.021419040160253644,
  "Disgust": 0.008171748631866649,
  "Distress": 0.015185149799799546,
  "Doubt": 0.029774948488920927,
  "Ecstasy": 0.006579437357140705,
  "Embarrassment": 0.008282092196168378,
  "Empathic Pain": 0.007940144574968144,
  "Enthusiasm": 0.020801988639868797,
  "Entrancement": 0.017355400719679892,
  "Envy": 0.004781098433886655,
  "Excitement": 0.008829431439517066,
  "Fear": 0.004096104642667342,
  "Gratitude": 0.008448537671938539,
  "Guilt": 0.0031152039591688663,
  "Horror": 0.0023890665353974326,
  "Interest": 0.055743808904662726,
  "Joy": 0.02078617785591632,
  "Love": 0.01273752613342367,
  "Nostalgia": 0.02471119686961174,
  "Pain": 0.01701083782245405,
  "Pride": 0.013111795065924525,
  "Realization": 0.04015653021633625,
  "Relief": 0.012480450933799148,
  "Romance": 0.006700541081954725,
  "Sadness": 0.012548804958350956,
  "Sarcasm": 0.02907930432120338,
  "Satisfaction": 0.04516415605321526,
  "Desire": 0.012400263757444917,
  "Shame": 0.010133430850692094,
  "Surprise (negative)": 0.03936393554322422,
  "Surprise (positive)": 0.025038200384005904,
  "Sympathy": 0.010928496264386921,
  "Tiredness": 0.037746137753129,
  "Triumph": 0.021472008666023612
}