{
  "Admiration": 0.024002590659074487,
  "Adoration": 0.00971730868332088,
  "Aesthetic Appreciation": 0.03904022553469986,
  "Amusement": 0.03579563745297491,
  "Anger": 0.009215857269009576,
  "Annoyance": 0.05863678678870201,
  "Anxiety": 0.008113551017595455,
  "Awe": 0.012692864192649722,
  "Awkwardness": 0.049812905676662925,
  "Boredom": 0.11668135873042047,
  "Calmness": 0.09442353174090386,
  "Concentration": 0.05769382221624255,
  "Confusion": 0.21242547109723092,
  "Contemplation": 0.046539622358977795,
  "Contempt": 0.032007588120177385,
  "Contentment": 0.03835526392795145,
  "Craving": 0.0052226626801711975,
  "Determination": 0.02396934588905424,
  "Disappointment": 0.03125544853974134,
  "Disapproval": 0.02597145384643227,
  "Disgust": 0.009858950471971184,
  "Distress": 0.011729977244976908,
  "Doubt": 0.030612266110256314,
  "Ecstasy": 0.005983402510173619,
  "Embarrassment": 0.01029468544293195,
  "Empathic Pain": 0.006098689441569149,
  "Enthusiasm": 0.02022954635322094,
  "Entrancement": 0.019527832185849546,
  "Envy": 0.005334982275962829,
  "Excitement": 0.009638699749484659,
  "Fear": 0.004553443314216565,
  "Gratitude": 0.006822225835639984,
  "Guilt": 0.0032928596978308634,
  "Horror": 0.002959126040514093,
  "Interest": 0.062003095354884866,
  "Joy": 0.017183036962524056,
  "Love": 0.0063724230043590065,
  "Nostalgia": 0.010494734602980315,
  "Pain": 0.008244174014544114,
  "Pride": 0.01310796708567068,
  "Realization": 0.050062257377430794,
  "Relief": 0.010132168512791395,
  "Romance": 0.00530895609408617,
  "Sadness": 0.009489018679596483,
  "Sarcasm": 0.0239642568747513,
  "Satisfaction": 0.042164566460996866,
  "Desire": 0.012036729941610248,
  "Shame": 0.011674969596788288,
  "Surprise (negative)": 0.04709646701812744,
  "Surprise (positive)": 0.028976252651773393,
  "Sympathy": 0.009981660568155349,
  "Tiredness": 0.02666686843149364,
  "Triumph": 0.022965009277686476
}