{
  "Admiration": 0.017792212241329253,
  "Adoration": 0.008934603586385492,
  "Aesthetic Appreciation": 0.03530265001463704,
  "Amusement": 0.03185177423292771,
  "Anger": 0.010562580451369286,
  "Annoyance": 0.05995894032530487,
  "Anxiety": 0.009965503503917717,
  "Awe": 0.010214597516460344,
  "Awkwardness": 0.04562335005030036,
  "Boredom": 0.11623350642621517,
  "Calmness": 0.11226871777325868,
  "Concentration": 0.05729456646367907,
  "Confusion": 0.20259645683690905,
  "Contemplation": 0.04070549935568124,
  "Contempt": 0.03138657105155289,
  "Contentment": 0.04720783007796854,
  "Craving": 0.005011766211828217,
  "Determination": 0.030910325516015292,
  "Disappointment": 0.031955287838354704,
  "Disapproval": 0.03032083946745843,
  "Disgust": 0.010280010977294297,
  "Distress": 0.014240113622508942,
  "Doubt": 0.03226283254334703,
  "Ecstasy": 0.007130863913334906,
  "Embarrassment": 0.009360169601859526,
  "Empathic Pain": 0.005312712216982618,
  "Enthusiasm": 0.02041431711986661,
  "Entrancement": 0.016168510355055333,
  "Envy": 0.004850899145822041,
  "Excitement": 0.011242975201457738,
  "Fear": 0.0051430098304990676,
  "Gratitude": 0.006082402433094103,
  "Guilt": 0.003197274712147191,
  "Horror": 0.00248703931865748,
  "Interest": 0.051558964094147085,
  "Joy": 0.018712400272488595,
  "Love": 0.006755416489613708,
  "Nostalgia": 0.0067568734448286705,
  "Pain": 0.006763830885756761,
  "Pride": 0.013225784670794383,
  "Realization": 0.04337433371692896,
  "Relief": 0.01307027016300708,
  "Romance": 0.004635987406072672,
  "Sadness": 0.009816556808073074,
  "Sarcasm": 0.024194062186870723,
  "Satisfaction": 0.04655663210432977,
  "Desire": 0.010935972479637712,
  "Shame": 0.011251610692124814,
  "Surprise (negative)": 0.04364970987662673,
  "Surprise (positive)": 0.025751242390833796,
  "Sympathy": 0.009017446514917538,
  "Tiredness": 0.033210574905388056,
  "Triumph": 0.030377998657058924
}