{
  "Admiration": 0.01779365763068199,
  "Adoration": 0.009775731814443134,
  "Aesthetic Appreciation": 0.04261819265084341,
  "Amusement": 0.023141971696168183,
  "Anger": 0.006592538004042581,
  "Annoyance": 0.04655563421547413,
  "Anxiety": 0.007603913836646825,
  "Awe": 0.009794013301143423,
  "Awkwardness": 0.05002893325872719,
  "Boredom": 0.10821639401838183,
  "Calmness": 0.13523451499640943,
  "Concentration": 0.05509346483740955,
  "Confusion": 0.1774362137541175,
  "Contemplation": 0.055665576830506325,
  "Contempt": 0.02816590676084161,
  "Contentment": 0.05522225629538298,
  "Craving": 0.004842092191393021,
  "Determination": 0.018041743175126614,
  "Disappointment": 0.03567058135522529,
  "Disapproval": 0.026554270356427878,
  "Disgust": 0.010790512809762731,
  "Distress": 0.011727774131577462,
  "Doubt": 0.027871397975832223,
  "Ecstasy": 0.0054116563114803284,
  "Embarrassment": 0.010748286987654865,
  "Empathic Pain": 0.007733679213561118,
  "Enthusiasm": 0.020696844509802758,
  "Entrancement": 0.01773179806768894,
  "Envy": 0.0038183412980288267,
  "Excitement": 0.009510091261472554,
  "Fear": 0.0033145969995530323,
  "Gratitude": 0.00971281627425924,
  "Guilt": 0.004218972305534407,
  "Horror": 0.0022239418591198045,
  "Interest": 0.050639186846092345,
  "Joy": 0.017646952340146526,
  "Love": 0.009640868828864769,
  "Nostalgia": 0.014907499228866073,
  "Pain": 0.009445677547773812,
  "Pride": 0.010405022645136342,
  "Realization": 0.048394730873405935,
  "Relief": 0.015522841876372696,
  "Romance": 0.0055243484137463385,
  "Sadness": 0.014501166116679088,
  "Sarcasm": 0.02163904409389943,
  "Satisfaction": 0.04471283573657274,
  "Desire": 0.009591601710417308,
  "Shame": 0.014102638501208275,
  "Surprise (negative)": 0.03356959238881245,
  "Surprise (positive)": 0.0206835791002959,
  "Sympathy": 0.010951512545580045,
  "Tiredness": 0.03454050079453737,
  "Triumph": 0.017923354590311646
}