{
  "Admiration": 0.01820197898778133,
  "Adoration": 0.011039539764169604,
  "Aesthetic Appreciation": 0.03513707753736526,
  "Amusement": 0.02526086806319654,
  "Anger": 0.007701786284451373,
  "Annoyance": 0.043529836169909686,
  "Anxiety": 0.008546384703367948,
  "Awe": 0.011682985420338809,
  "Awkwardness": 0.04703926469665021,
  "Boredom": 0.10806432366371155,
  "Calmness": 0.13447111435234546,
  "Concentration": 0.06133372848853469,
  "Confusion": 0.17594938315451145,
  "Contemplation": 0.08166665211319923,
  "Contempt": 0.028707338403910397,
  "Contentment": 0.05749960094690323,
  "Craving": 0.007756880013039336,
  "Determination": 0.036295973462983966,
  "Disappointment": 0.025078061397653072,
  "Disapproval": 0.021776867966400458,
  "Disgust": 0.006432145512371789,
  "Distress": 0.011391183314844965,
  "Doubt": 0.026194136403501034,
  "Ecstasy": 0.008761242267792114,
  "Embarrassment": 0.0072649859939701855,
  "Empathic Pain": 0.0065347730822395535,
  "Enthusiasm": 0.02531282608397305,
  "Entrancement": 0.02149106494616717,
  "Envy": 0.003943401441210881,
  "Excitement": 0.013446046266471967,
  "Fear": 0.004130664709373377,
  "Gratitude": 0.008355445478809998,
  "Guilt": 0.003073378870612942,
  "Horror": 0.0021334582488634624,
  "Interest": 0.058730607759207486,
  "Joy": 0.022860136843519285,
  "Love": 0.01081534665718209,
  "Nostalgia": 0.018113441491732375,
  "Pain": 0.009094836533768103,
  "Pride": 0.014574801921844483,
  "Realization": 0.046219616243615744,
  "Relief": 0.012984720151871442,
  "Romance": 0.008284105380880646,
  "Sadness": 0.012497836170950904,
  "Sarcasm": 0.02108665257692337,
  "Satisfaction": 0.04555114642716944,
  "Desire": 0.01700894982786849,
  "Shame": 0.009351617377251386,
  "Surprise (negative)": 0.03637203651014716,
  "Surprise (positive)": 0.024068575841374694,
  "Sympathy": 0.009997974679572507,
  "Tiredness": 0.042657915083691475,
  "Triumph": 0.031543531292118135
}