{
  "Admiration": 0.04082386736408807,
  "Adoration": 0.02594322460645344,
  "Aesthetic Appreciation": 0.03299777088686824,
  "Amusement": 0.025543914129957556,
  "Anger": 0.0050446477660443636,
  "Annoyance": 0.048109538096468896,
  "Anxiety": 0.010628526742220857,
  "Awe": 0.022498555982019754,
  "Awkwardness": 0.038360686146188525,
  "Boredom": 0.09245495877694339,
  "Calmness": 0.14633500715717673,
  "Concentration": 0.0516714948695153,
  "Confusion": 0.14816706196870655,
  "Contemplation": 0.057622973015531896,
  "Contempt": 0.03124794354662299,
  "Contentment": 0.07736066346988082,
  "Craving": 0.008122489982633851,
  "Determination": 0.02218557141022757,
  "Disappointment": 0.022646448528394102,
  "Disapproval": 0.02227654857560992,
  "Disgust": 0.005520816051284782,
  "Distress": 0.019971924112178387,
  "Doubt": 0.023227327142376453,
  "Ecstasy": 0.007665725662809564,
  "Embarrassment": 0.006683014571899548,
  "Empathic Pain": 0.006771755122463219,
  "Enthusiasm": 0.02901680740760639,
  "Entrancement": 0.021990959462709726,
  "Envy": 0.004484798788325861,
  "Excitement": 0.014273935579694808,
  "Fear": 0.004452885258069727,
  "Gratitude": 0.0164222611580044,
  "Guilt": 0.002932883720495738,
  "Horror": 0.0019075167263508774,
  "Interest": 0.05356957770418376,
  "Joy": 0.03933059024857357,
  "Love": 0.02542655228462536,
  "Nostalgia": 0.013563043705653399,
  "Pain": 0.02391307483485434,
  "Pride": 0.04802351960679516,
  "Realization": 0.055995910055935384,
  "Relief": 0.01148289586417377,
  "Romance": 0.005788804989424534,
  "Sadness": 0.013913751230575144,
  "Sarcasm": 0.03571843574754894,
  "Satisfaction": 0.05710858821403235,
  "Desire": 0.0074754417961230505,
  "Shame": 0.008652381983119994,
  "Surprise (negative)": 0.027029368071816863,
  "Surprise (positive)": 0.02029668277828023,
  "Sympathy": 0.01020169262192212,
  "Tiredness": 0.045106391934677956,
  "Triumph": 0.029052194044925272
}