{
  "Admiration": 0.02367247682996094,
  "Adoration": 0.008409556798869743,
  "Aesthetic Appreciation": 0.035107357066590336,
  "Amusement": 0.03138628660235554,
  "Anger": 0.023499640985392034,
  "Annoyance": 0.08265618062578142,
  "Anxiety": 0.006844690622529015,
  "Awe": 0.013854545215144754,
  "Awkwardness": 0.04102957653813064,
  "Boredom": 0.10372344190254808,
  "Calmness": 0.117719588521868,
  "Concentration": 0.05082798961084336,
  "Confusion": 0.1665243562310934,
  "Contemplation": 0.037395521788857876,
  "Contempt": 0.035551287094131113,
  "Contentment": 0.049296140158548954,
  "Craving": 0.0040128195207216775,
  "Determination": 0.021705388324335217,
  "Disappointment": 0.0375361505895853,
  "Disapproval": 0.03820132132386789,
  "Disgust": 0.017192857002373784,
  "Distress": 0.015820920263649896,
  "Doubt": 0.023332179849967362,
  "Ecstasy": 0.006436611141543836,
  "Embarrassment": 0.009575312701053917,
  "Empathic Pain": 0.004695585355511867,
  "Enthusiasm": 0.025731943408027293,
  "Entrancement": 0.01580919245025143,
  "Envy": 0.0044871465826872734,
  "Excitement": 0.01610482409596443,
  "Fear": 0.0034836717662983575,
  "Gratitude": 0.005624237115262077,
  "Guilt": 0.0026990571452188304,
  "Horror": 0.0025385421184182634,
  "Interest": 0.05142084392718971,
  "Joy": 0.018389429873786868,
  "Love": 0.00489949753973633,
  "Nostalgia": 0.0064569272071821615,
  "Pain": 0.0095406908163568,
  "Pride": 0.016854913812130688,
  "Realization": 0.0491995797958225,
  "Relief": 0.011350577720440925,
  "Romance": 0.0033431247444241307,
  "Sadness": 0.010647159669315443,
  "Sarcasm": 0.02275211156811565,
  "Satisfaction": 0.05114156738854945,
  "Desire": 0.007760616653831676,
  "Shame": 0.011425627366406843,
  "Surprise (negative)": 0.04614587534451857,
  "Surprise (positive)": 0.032736901799216865,
  "Sympathy": 0.00695666458341293,
  "Tiredness": 0.03472630388569087,
  "Triumph": 0.03785755168646574
}