{
  "Admiration": 0.020815665577538313,
  "Adoration": 0.009364592720521614,
  "Aesthetic Appreciation": 0.03774630632251501,
  "Amusement": 0.033848611358553174,
  "Anger": 0.006105233455309644,
  "Annoyance": 0.047547051403671506,
  "Anxiety": 0.009263757592998445,
  "Awe": 0.011646894412115217,
  "Awkwardness": 0.05533308442682028,
  "Boredom": 0.10786296371370555,
  "Calmness": 0.10514726974070072,
  "Concentration": 0.04749138751067221,
  "Confusion": 0.24160228837281467,
  "Contemplation": 0.047192555759102105,
  "Contempt": 0.023261625226587056,
  "Contentment": 0.03500601896084845,
  "Craving": 0.0036908199908793904,
  "Determination": 0.01355830831453204,
  "Disappointment": 0.029734639660455288,
  "Disapproval": 0.021876076771877705,
  "Disgust": 0.009876558050746099,
  "Distress": 0.016806360427290203,
  "Doubt": 0.04180288384668529,
  "Ecstasy": 0.004771760245785117,
  "Embarrassment": 0.009669413813389838,
  "Empathic Pain": 0.008894462732132524,
  "Enthusiasm": 0.01789543859194964,
  "Entrancement": 0.01677129596937448,
  "Envy": 0.004654813575325534,
  "Excitement": 0.008038635493721812,
  "Fear": 0.005093148692685645,
  "Gratitude": 0.005968935345299542,
  "Guilt": 0.0031902574613923208,
  "Horror": 0.0045871810245444065,
  "Interest": 0.06285816770978273,
  "Joy": 0.017292828793870285,
  "Love": 0.007350964812212623,
  "Nostalgia": 0.00570062366896309,
  "Pain": 0.012012557333218866,
  "Pride": 0.009075536439195276,
  "Realization": 0.05076933200471103,
  "Relief": 0.008765240130014718,
  "Romance": 0.0046159146164427515,
  "Sadness": 0.014983952039619908,
  "Sarcasm": 0.022458200179971754,
  "Satisfaction": 0.03336407330352813,
  "Desire": 0.008014646658557468,
  "Shame": 0.010906589869409799,
  "Surprise (negative)": 0.04499756498262286,
  "Surprise (positive)": 0.030257598706521095,
  "Sympathy": 0.0129793016880285,
  "Tiredness": 0.03187865852378309,
  "Triumph": 0.014027552492916585
}