{
  "Admiration": 0.024240827304311097,
  "Adoration": 0.007665756164351478,
  "Aesthetic Appreciation": 0.02660650627221912,
  "Amusement": 0.02186258223373443,
  "Anger": 0.005082748195854947,
  "Annoyance": 0.03911421953234821,
  "Anxiety": 0.021387756965123118,
  "Awe": 0.013241590175312012,
  "Awkwardness": 0.03726612594909966,
  "Boredom": 0.09293012544512749,
  "Calmness": 0.1308864031918347,
  "Concentration": 0.051855467911809686,
  "Confusion": 0.15909548033960164,
  "Contemplation": 0.06072064731270075,
  "Contempt": 0.02417958565056324,
  "Contentment": 0.05665376749821007,
  "Craving": 0.0068201379879610615,
  "Determination": 0.037831003591418264,
  "Disappointment": 0.025210889580193907,
  "Disapproval": 0.016382699937094004,
  "Disgust": 0.0059397183475084605,
  "Distress": 0.01495437278645113,
  "Doubt": 0.03438696749508381,
  "Ecstasy": 0.006545730514335446,
  "Embarrassment": 0.007164151861798018,
  "Empathic Pain": 0.00655222091882024,
  "Enthusiasm": 0.026604940369725227,
  "Entrancement": 0.016036957013420762,
  "Envy": 0.005308294142014347,
  "Excitement": 0.01225609760149382,
  "Fear": 0.010716886076261289,
  "Gratitude": 0.009091426874510944,
  "Guilt": 0.0034923839528346436,
  "Horror": 0.0016375585044443141,
  "Interest": 0.058361202478408813,
  "Joy": 0.015555685479193926,
  "Love": 0.005077324784360826,
  "Nostalgia": 0.004401955497451126,
  "Pain": 0.009460058217518963,
  "Pride": 0.020600360236130655,
  "Realization": 0.05984673090279102,
  "Relief": 0.02401562426239252,
  "Romance": 0.0034848037255869714,
  "Sadness": 0.013944458111654966,
  "Sarcasm": 0.021536962874233723,
  "Satisfaction": 0.05808000899851322,
  "Desire": 0.010748459404567257,
  "Shame": 0.009701715246774257,
  "Surprise (negative)": 0.030849559581838548,
  "Surprise (positive)": 0.02996468956116587,
  "Sympathy": 0.00979910905007273,
  "Tiredness": 0.03589990397449583,
  "Triumph": 0.036934093572199345
}