{
  "Admiration": 0.03274961924180388,
  "Adoration": 0.017041139001958073,
  "Aesthetic Appreciation": 0.04383034189231694,
  "Amusement": 0.025956442137248813,
  "Anger": 0.007971238560276105,
  "Annoyance": 0.0519103713799268,
  "Anxiety": 0.007468275545397774,
  "Awe": 0.017265799856977536,
  "Awkwardness": 0.04445104412734509,
  "Boredom": 0.09958215756341815,
  "Calmness": 0.11052681673318147,
  "Concentration": 0.048582397308200596,
  "Confusion": 0.19408423783024772,
  "Contemplation": 0.038697221456095575,
  "Contempt": 0.027320233057253063,
  "Contentment": 0.05348071344196796,
  "Craving": 0.005536823946749791,
  "Determination": 0.03174357736716047,
  "Disappointment": 0.02979988104198128,
  "Disapproval": 0.02221886063925922,
  "Disgust": 0.010642390654538758,
  "Distress": 0.013202782557345926,
  "Doubt": 0.024656913534272462,
  "Ecstasy": 0.007525663555134088,
  "Embarrassment": 0.011224782958743162,
  "Empathic Pain": 0.005459111364325508,
  "Enthusiasm": 0.027398579358123242,
  "Entrancement": 0.02147409033495933,
  "Envy": 0.006388596375472844,
  "Excitement": 0.013147832115646452,
  "Fear": 0.00306143983034417,
  "Gratitude": 0.007072130026062951,
  "Guilt": 0.002975588824483566,
  "Horror": 0.002512480517179938,
  "Interest": 0.05440830742008984,
  "Joy": 0.022580744372680782,
  "Love": 0.015126892921398395,
  "Nostalgia": 0.00966656310338294,
  "Pain": 0.01285909203288611,
  "Pride": 0.023934934369754045,
  "Realization": 0.04124102126806974,
  "Relief": 0.010219539073295892,
  "Romance": 0.008860009537602308,
  "Sadness": 0.012225620140088721,
  "Sarcasm": 0.016824246337637305,
  "Satisfaction": 0.05443364605307579,
  "Desire": 0.01088093924045097,
  "Shame": 0.011849554418586195,
  "Surprise (negative)": 0.035784634563606234,
  "Surprise (positive)": 0.026336673879995942,
  "Sympathy": 0.008595414384035393,
  "Tiredness": 0.028560511814430357,
  "Triumph": 0.025830231420695782
}