{
  "Admiration": 0.023632819869089872,
  "Adoration": 0.01639102616463788,
  "Aesthetic Appreciation": 0.03673287242418155,
  "Amusement": 0.02334783850819804,
  "Anger": 0.014959572663065046,
  "Annoyance": 0.0584108947776258,
  "Anxiety": 0.014239502709824593,
  "Awe": 0.011054968659300357,
  "Awkwardness": 0.05133383250795305,
  "Boredom": 0.09857148192822933,
  "Calmness": 0.09650727957487107,
  "Concentration": 0.05994925596751273,
  "Confusion": 0.20514120189473034,
  "Contemplation": 0.034779470413923264,
  "Contempt": 0.030046108504757287,
  "Contentment": 0.03970060301944613,
  "Craving": 0.00730545494297985,
  "Determination": 0.040791591978631914,
  "Disappointment": 0.03679761313833296,
  "Disapproval": 0.030140149197541176,
  "Disgust": 0.009060847008368001,
  "Distress": 0.025781754293711857,
  "Doubt": 0.033597480854950845,
  "Ecstasy": 0.006190660269930958,
  "Embarrassment": 0.0097864193841815,
  "Empathic Pain": 0.010188767814543098,
  "Enthusiasm": 0.018693182349670677,
  "Entrancement": 0.017227791284676643,
  "Envy": 0.005096133722690866,
  "Excitement": 0.007759525423170999,
  "Fear": 0.00689141394541366,
  "Gratitude": 0.008852075651520862,
  "Guilt": 0.004597665529581718,
  "Horror": 0.0024152329671778714,
  "Interest": 0.0582853271625936,
  "Joy": 0.0188782392651774,
  "Love": 0.018236073455773293,
  "Nostalgia": 0.008973150386009366,
  "Pain": 0.01888957748597022,
  "Pride": 0.012534980726195499,
  "Realization": 0.038382389862090346,
  "Relief": 0.0087995505775325,
  "Romance": 0.011082344812166411,
  "Sadness": 0.02718537239707075,
  "Sarcasm": 0.01776276216842234,
  "Satisfaction": 0.03896536729298532,
  "Desire": 0.01543454526399728,
  "Shame": 0.01395503890234977,
  "Surprise (negative)": 0.042516203597187996,
  "Surprise (positive)": 0.025309828830359038,
  "Sympathy": 0.01499377450090833,
  "Tiredness": 0.06368517330847681,
  "Triumph": 0.019071182142943142
}