{
  "Admiration": 0.026114889816381038,
  "Adoration": 0.02148025024216622,
  "Aesthetic Appreciation": 0.0365580172277987,
  "Amusement": 0.02754911032970995,
  "Anger": 0.004216878340230323,
  "Annoyance": 0.03585882009938359,
  "Anxiety": 0.007397916947957129,
  "Awe": 0.013301527965813876,
  "Awkwardness": 0.046762654185295106,
  "Boredom": 0.08521212516352535,
  "Calmness": 0.11015830766409636,
  "Concentration": 0.05076037934049964,
  "Confusion": 0.2398684679530561,
  "Contemplation": 0.04307651845738292,
  "Contempt": 0.019656393211334944,
  "Contentment": 0.053654074342921375,
  "Craving": 0.014301341396640055,
  "Determination": 0.016636050911620258,
  "Disappointment": 0.018979365087579934,
  "Disapproval": 0.011536031542345882,
  "Disgust": 0.003882391596562229,
  "Distress": 0.008062849997077137,
  "Doubt": 0.031231258437037467,
  "Ecstasy": 0.011739930877229198,
  "Embarrassment": 0.0074693708389531824,
  "Empathic Pain": 0.0059451357985381035,
  "Enthusiasm": 0.023649054951965807,
  "Entrancement": 0.022754528606310487,
  "Envy": 0.005341388520901091,
  "Excitement": 0.012214414787013083,
  "Fear": 0.0027492644905578343,
  "Gratitude": 0.01903176599298604,
  "Guilt": 0.003051380830584094,
  "Horror": 0.0012002013841993175,
  "Interest": 0.05968916211277246,
  "Joy": 0.029748348076827823,
  "Love": 0.04316936167597305,
  "Nostalgia": 0.00868051468860358,
  "Pain": 0.007002726849168539,
  "Pride": 0.01165605183923617,
  "Realization": 0.03871955522336066,
  "Relief": 0.01330229543382302,
  "Romance": 0.03726931573619367,
  "Sadness": 0.009307659917976708,
  "Sarcasm": 0.022575877187773586,
  "Satisfaction": 0.050669109588488935,
  "Desire": 0.025721382835763508,
  "Shame": 0.008555409673135728,
  "Surprise (negative)": 0.03257518268655986,
  "Surprise (positive)": 0.02603532972279936,
  "Sympathy": 0.01056334693566896,
  "Tiredness": 0.02900325523223728,
  "Triumph": 0.018188745738007127
}