{
  "Admiration": 0.0203438988304697,
  "Adoration": 0.01160231866815593,
  "Aesthetic Appreciation": 0.036546441912651065,
  "Amusement": 0.028070399584248663,
  "Anger": 0.004851174545183312,
  "Annoyance": 0.04191164951771498,
  "Anxiety": 0.006587395031237975,
  "Awe": 0.009637058875523508,
  "Awkwardness": 0.04991852017119527,
  "Boredom": 0.11422329130582512,
  "Calmness": 0.13450890127569437,
  "Concentration": 0.055341226723976435,
  "Confusion": 0.1748653451912105,
  "Contemplation": 0.05097059728577733,
  "Contempt": 0.024937847908586264,
  "Contentment": 0.06205152785405517,
  "Craving": 0.0053245285380398855,
  "Determination": 0.020975220296531916,
  "Disappointment": 0.040438783005811274,
  "Disapproval": 0.019699884508736432,
  "Disgust": 0.006493208953179419,
  "Distress": 0.010465105104958638,
  "Doubt": 0.03256176372524351,
  "Ecstasy": 0.005290487955790013,
  "Embarrassment": 0.00990781502914615,
  "Empathic Pain": 0.0073560694698244335,
  "Enthusiasm": 0.031010219501331447,
  "Entrancement": 0.01512971124611795,
  "Envy": 0.005377482404583134,
  "Excitement": 0.01555467855068855,
  "Fear": 0.0027529588231118398,
  "Gratitude": 0.007328712672460824,
  "Guilt": 0.004063192923786119,
  "Horror": 0.0013741894814302213,
  "Interest": 0.06394215393811464,
  "Joy": 0.023122920480091125,
  "Love": 0.0110810971018509,
  "Nostalgia": 0.007909890270093456,
  "Pain": 0.012283127196133137,
  "Pride": 0.01769714574329555,
  "Realization": 0.052266102936118844,
  "Relief": 0.011220159870572389,
  "Romance": 0.004968985234154388,
  "Sadness": 0.027590315195266158,
  "Sarcasm": 0.01674198645632714,
  "Satisfaction": 0.05250483602285385,
  "Desire": 0.008584471765789203,
  "Shame": 0.014009041106328368,
  "Surprise (negative)": 0.03370252170134336,
  "Surprise (positive)": 0.027453209180384873,
  "Sympathy": 0.011195944622159004,
  "Tiredness": 0.03258819149341434,
  "Triumph": 0.022528597456403076
}