{
  "Admiration": 0.027847734512761235,
  "Adoration": 0.021503935544751586,
  "Aesthetic Appreciation": 0.047479327069595456,
  "Amusement": 0.022407943638972937,
  "Anger": 0.016343973134644328,
  "Annoyance": 0.04994317179080099,
  "Anxiety": 0.006676397629780695,
  "Awe": 0.014380562282167376,
  "Awkwardness": 0.04035370531491935,
  "Boredom": 0.10046159755438566,
  "Calmness": 0.12783704306930305,
  "Concentration": 0.06460869887378067,
  "Confusion": 0.15680480310693384,
  "Contemplation": 0.05579972006380558,
  "Contempt": 0.047818244947120545,
  "Contentment": 0.04603575929068029,
  "Craving": 0.00896079876984004,
  "Determination": 0.025181477540172637,
  "Disappointment": 0.031423140526749195,
  "Disapproval": 0.03776477405335754,
  "Disgust": 0.018567127548158167,
  "Distress": 0.011995332088554278,
  "Doubt": 0.0255289304535836,
  "Ecstasy": 0.00792234186665155,
  "Embarrassment": 0.009704310458619147,
  "Empathic Pain": 0.007325290952576324,
  "Enthusiasm": 0.018392084049992263,
  "Entrancement": 0.02461421461775899,
  "Envy": 0.006100069923559204,
  "Excitement": 0.009961841173935681,
  "Fear": 0.003573547842097469,
  "Gratitude": 0.011482792883180081,
  "Guilt": 0.003396765049546957,
  "Horror": 0.002911838656291366,
  "Interest": 0.0692642527865246,
  "Joy": 0.016977186454460023,
  "Love": 0.03240136842650827,
  "Nostalgia": 0.009489830798702314,
  "Pain": 0.010502085497137159,
  "Pride": 0.012588562665041537,
  "Realization": 0.0566088150255382,
  "Relief": 0.011162231874186546,
  "Romance": 0.03047414696920896,
  "Sadness": 0.01383154402137734,
  "Sarcasm": 0.022039715352002533,
  "Satisfaction": 0.04422938302159309,
  "Desire": 0.039550991848227565,
  "Shame": 0.01428854352561757,
  "Surprise (negative)": 0.03016804716316983,
  "Surprise (positive)": 0.02400158017408103,
  "Sympathy": 0.010558904713252559,
  "Tiredness": 0.03192747789435089,
  "Triumph": 0.019099564827047288
}