{
  "Admiration": 0.024084911053068935,
  "Adoration": 0.011522117303684354,
  "Aesthetic Appreciation": 0.037800397141836584,
  "Amusement": 0.024843836680520325,
  "Anger": 0.007057753449771553,
  "Annoyance": 0.04984070488717407,
  "Anxiety": 0.00968761469121091,
  "Awe": 0.012891233630944044,
  "Awkwardness": 0.04520491249859333,
  "Boredom": 0.10706173563376069,
  "Calmness": 0.12181909829378128,
  "Concentration": 0.05791435823775828,
  "Confusion": 0.19845829531550407,
  "Contemplation": 0.04007687224075198,
  "Contempt": 0.02333675108384341,
  "Contentment": 0.0433904864359647,
  "Craving": 0.004216798223205842,
  "Determination": 0.015419376723002642,
  "Disappointment": 0.02850350516382605,
  "Disapproval": 0.0188158794073388,
  "Disgust": 0.007867770339362323,
  "Distress": 0.018290093843825163,
  "Doubt": 0.027113806968554855,
  "Ecstasy": 0.006619330419925973,
  "Embarrassment": 0.007890177203807979,
  "Empathic Pain": 0.007046794833149761,
  "Enthusiasm": 0.015131594345439226,
  "Entrancement": 0.017808843904640527,
  "Envy": 0.005588587539386935,
  "Excitement": 0.007499048451427371,
  "Fear": 0.004947340826038271,
  "Gratitude": 0.005488092254381627,
  "Guilt": 0.002836019266396761,
  "Horror": 0.0030319402416353115,
  "Interest": 0.054557191859930756,
  "Joy": 0.016178798486362212,
  "Love": 0.012275996821699664,
  "Nostalgia": 0.005744522259919904,
  "Pain": 0.014209125924389809,
  "Pride": 0.010239212798478548,
  "Realization": 0.050961004104465246,
  "Relief": 0.012603567389305681,
  "Romance": 0.008373840001877398,
  "Sadness": 0.011480793060036376,
  "Sarcasm": 0.0175140964332968,
  "Satisfaction": 0.0427836702670902,
  "Desire": 0.010960943036479875,
  "Shame": 0.009346751717384905,
  "Surprise (negative)": 0.04217403531074524,
  "Surprise (positive)": 0.029332686541602017,
  "Sympathy": 0.010522767924703658,
  "Tiredness": 0.0327131281606853,
  "Triumph": 0.01938488024752587
}