{
  "Admiration": 0.03974804172758013,
  "Adoration": 0.013846590230241419,
  "Aesthetic Appreciation": 0.035946622979827224,
  "Amusement": 0.03184929501730949,
  "Anger": 0.0072842670197132975,
  "Annoyance": 0.04771992946043611,
  "Anxiety": 0.006282277882564813,
  "Awe": 0.013549082260578871,
  "Awkwardness": 0.03898982235696167,
  "Boredom": 0.09248925279825926,
  "Calmness": 0.12523385202512144,
  "Concentration": 0.051165586803108454,
  "Confusion": 0.16079864350613207,
  "Contemplation": 0.051238731713965535,
  "Contempt": 0.03554185507819056,
  "Contentment": 0.0659301749896258,
  "Craving": 0.006906564603559673,
  "Determination": 0.026327314786612988,
  "Disappointment": 0.02410946029704064,
  "Disapproval": 0.027378343790769578,
  "Disgust": 0.008310528908623382,
  "Distress": 0.008714124723337591,
  "Doubt": 0.029358100052922963,
  "Ecstasy": 0.0061082070867996665,
  "Embarrassment": 0.007281709405651782,
  "Empathic Pain": 0.0076015020022168756,
  "Enthusiasm": 0.030278173880651592,
  "Entrancement": 0.01906295019434765,
  "Envy": 0.0070831617573276166,
  "Excitement": 0.011032697488553822,
  "Fear": 0.0038244346316787413,
  "Gratitude": 0.014169032254721969,
  "Guilt": 0.0026786739472299814,
  "Horror": 0.0020658068402553908,
  "Interest": 0.06718397531658411,
  "Joy": 0.019970533309970052,
  "Love": 0.011867574392817914,
  "Nostalgia": 0.00663342671468854,
  "Pain": 0.006711294646083843,
  "Pride": 0.01834134045056999,
  "Realization": 0.050729102548211814,
  "Relief": 0.017815355234779416,
  "Romance": 0.005538753559812903,
  "Sadness": 0.00857648922537919,
  "Sarcasm": 0.039875095966272055,
  "Satisfaction": 0.06554785268381239,
  "Desire": 0.011703491333173588,
  "Shame": 0.00910874445689842,
  "Surprise (negative)": 0.03417556235799566,
  "Surprise (positive)": 0.030632154550403357,
  "Sympathy": 0.015318607958033682,
  "Tiredness": 0.03303247555741109,
  "Triumph": 0.025096693029627203
}