{
  "Admiration": 0.01953090798924677,
  "Adoration": 0.010554921830771492,
  "Aesthetic Appreciation": 0.03441565189277753,
  "Amusement": 0.02537148689152673,
  "Anger": 0.008783852893975564,
  "Annoyance": 0.06537242669146508,
  "Anxiety": 0.010158284602221101,
  "Awe": 0.010136819392209872,
  "Awkwardness": 0.043562254309654234,
  "Boredom": 0.11072828639298678,
  "Calmness": 0.11954344753175974,
  "Concentration": 0.07537115993909538,
  "Confusion": 0.17766525149345397,
  "Contemplation": 0.04667156036011875,
  "Contempt": 0.029909877199679615,
  "Contentment": 0.054712157510221,
  "Craving": 0.005804822576465085,
  "Determination": 0.04186351629905403,
  "Disappointment": 0.02727860484737903,
  "Disapproval": 0.02463036848930642,
  "Disgust": 0.007738083745061885,
  "Distress": 0.020719203061889856,
  "Doubt": 0.027185029210522772,
  "Ecstasy": 0.006504086317727342,
  "Embarrassment": 0.008203215987305158,
  "Empathic Pain": 0.006671732221730053,
  "Enthusiasm": 0.024264299077913165,
  "Entrancement": 0.017675704939756544,
  "Envy": 0.004410930330050178,
  "Excitement": 0.01120791775174439,
  "Fear": 0.004099024113384075,
  "Gratitude": 0.008364116182201542,
  "Guilt": 0.003176016319775954,
  "Horror": 0.002127645395739819,
  "Interest": 0.05215029048267752,
  "Joy": 0.017122637981083245,
  "Love": 0.010172693053027615,
  "Nostalgia": 0.009369750271434895,
  "Pain": 0.022878871334251018,
  "Pride": 0.01538895872363355,
  "Realization": 0.04972228812985122,
  "Relief": 0.01780768699827604,
  "Romance": 0.005903464069706388,
  "Sadness": 0.009789712057681754,
  "Sarcasm": 0.018896711349952966,
  "Satisfaction": 0.052889511943794786,
  "Desire": 0.011737522983457893,
  "Shame": 0.009898049518233165,
  "Surprise (negative)": 0.035492058435920626,
  "Surprise (positive)": 0.025651389604900033,
  "Sympathy": 0.009369510936085134,
  "Tiredness": 0.05351740682963282,
  "Triumph": 0.029214548005256802
}