{
  "Admiration": 0.024491871148347853,
  "Adoration": 0.010344931355211884,
  "Aesthetic Appreciation": 0.04524036047514528,
  "Amusement": 0.025131502654403448,
  "Anger": 0.007843661884544417,
  "Annoyance": 0.04105724093969911,
  "Anxiety": 0.00783312866697088,
  "Awe": 0.016232802625745536,
  "Awkwardness": 0.038445160165429114,
  "Boredom": 0.08652431890368462,
  "Calmness": 0.1259237529709935,
  "Concentration": 0.0576169366016984,
  "Confusion": 0.1942820488475263,
  "Contemplation": 0.05435381163842976,
  "Contempt": 0.024497346393764018,
  "Contentment": 0.05654228418134153,
  "Craving": 0.004672663094243035,
  "Determination": 0.036296038213185965,
  "Disappointment": 0.02502499633701518,
  "Disapproval": 0.017201116040814667,
  "Disgust": 0.007456261635525152,
  "Distress": 0.012913165602367372,
  "Doubt": 0.028730197320692243,
  "Ecstasy": 0.005965615407330915,
  "Embarrassment": 0.0082643372064922,
  "Empathic Pain": 0.008418341109063476,
  "Enthusiasm": 0.019411444570869206,
  "Entrancement": 0.020453716022893788,
  "Envy": 0.00478805580351036,
  "Excitement": 0.008205236599314958,
  "Fear": 0.004588482098188251,
  "Gratitude": 0.00988173928926699,
  "Guilt": 0.003122932865517214,
  "Horror": 0.0024210117269831246,
  "Interest": 0.05241169678047299,
  "Joy": 0.016436399309895933,
  "Love": 0.008462871698429807,
  "Nostalgia": 0.007442534493748099,
  "Pain": 0.010098779480904341,
  "Pride": 0.017648035928141327,
  "Realization": 0.055697592254728076,
  "Relief": 0.01731744143180549,
  "Romance": 0.005098754272330553,
  "Sadness": 0.010781797161325813,
  "Sarcasm": 0.017092948476783932,
  "Satisfaction": 0.05380021631717682,
  "Desire": 0.011113699470297434,
  "Shame": 0.010430506162811071,
  "Surprise (negative)": 0.0441206346033141,
  "Surprise (positive)": 0.031952144927345216,
  "Sympathy": 0.014029285113792866,
  "Tiredness": 0.035015789698809384,
  "Triumph": 0.028896047244779767
}