{
  "Admiration": 0.021140075579751283,
  "Adoration": 0.011191535406396724,
  "Aesthetic Appreciation": 0.03701046579517424,
  "Amusement": 0.024945420678704977,
  "Anger": 0.004830749565735459,
  "Annoyance": 0.035945540829561654,
  "Anxiety": 0.006495503528276459,
  "Awe": 0.013508337049279362,
  "Awkwardness": 0.04348955252207816,
  "Boredom": 0.11194807589054108,
  "Calmness": 0.12846082188189029,
  "Concentration": 0.04766921112313867,
  "Confusion": 0.19221003539860249,
  "Contemplation": 0.05905078947544098,
  "Contempt": 0.02275422946549952,
  "Contentment": 0.058663949836045504,
  "Craving": 0.006490220935666003,
  "Determination": 0.017330683674663304,
  "Disappointment": 0.02424085165839642,
  "Disapproval": 0.013982541859149933,
  "Disgust": 0.004872539293137379,
  "Distress": 0.00900240425253287,
  "Doubt": 0.02871106481179595,
  "Ecstasy": 0.006900397106073796,
  "Embarrassment": 0.008244201028719544,
  "Empathic Pain": 0.006017536658328026,
  "Enthusiasm": 0.01927619711495936,
  "Entrancement": 0.020777713577263057,
  "Envy": 0.005338904808741063,
  "Excitement": 0.008481034211581574,
  "Fear": 0.0028390591964125634,
  "Gratitude": 0.0068628201493993405,
  "Guilt": 0.003496848448412493,
  "Horror": 0.0016098586067528232,
  "Interest": 0.052691143751144406,
  "Joy": 0.019323133607394995,
  "Love": 0.011088508993270806,
  "Nostalgia": 0.013196111872093751,
  "Pain": 0.008283666169154458,
  "Pride": 0.01401075612520799,
  "Realization": 0.04528221641667187,
  "Relief": 0.012428752682171761,
  "Romance": 0.007407540098938625,
  "Sadness": 0.012814669840736315,
  "Sarcasm": 0.01714733000844717,
  "Satisfaction": 0.04793186681345105,
  "Desire": 0.01063764710270334,
  "Shame": 0.011227858194615692,
  "Surprise (negative)": 0.03175117454957217,
  "Surprise (positive)": 0.023478925437666477,
  "Sympathy": 0.009637027099961415,
  "Tiredness": 0.042851551063358785,
  "Triumph": 0.021697607589885592
}