{
  "Admiration": 0.020725385783589446,
  "Adoration": 0.010923760423611383,
  "Aesthetic Appreciation": 0.03704684273106977,
  "Amusement": 0.021140221459791064,
  "Anger": 0.006685694976476952,
  "Annoyance": 0.041975867166183886,
  "Anxiety": 0.010598645452409983,
  "Awe": 0.013924691115971655,
  "Awkwardness": 0.04070543898269534,
  "Boredom": 0.11329644676297904,
  "Calmness": 0.15093926787376405,
  "Concentration": 0.07956680650822819,
  "Confusion": 0.15912973694503307,
  "Contemplation": 0.06919619627296925,
  "Contempt": 0.026830652775242925,
  "Contentment": 0.05259278221055865,
  "Craving": 0.006625535173225216,
  "Determination": 0.05606684050289914,
  "Disappointment": 0.02362079455051571,
  "Disapproval": 0.0177495272946544,
  "Disgust": 0.006734069072990678,
  "Distress": 0.0153057768358849,
  "Doubt": 0.030681037274189294,
  "Ecstasy": 0.00625376731477445,
  "Embarrassment": 0.007049016002565622,
  "Empathic Pain": 0.00831907574320212,
  "Enthusiasm": 0.022531059058383106,
  "Entrancement": 0.02040662191575393,
  "Envy": 0.004957092936092522,
  "Excitement": 0.010320950963068754,
  "Fear": 0.0053890884955762886,
  "Gratitude": 0.0063804284203797575,
  "Guilt": 0.0031442554609384388,
  "Horror": 0.002490173804835649,
  "Interest": 0.057742710551247,
  "Joy": 0.018334481091005727,
  "Love": 0.010145882006327156,
  "Nostalgia": 0.012760114046977833,
  "Pain": 0.018676566026988438,
  "Pride": 0.012095641414634883,
  "Realization": 0.04937042836099863,
  "Relief": 0.013113670772872866,
  "Romance": 0.006515648180356948,
  "Sadness": 0.017207751475507394,
  "Sarcasm": 0.019682769477367402,
  "Satisfaction": 0.04000738393515348,
  "Desire": 0.011281451268587261,
  "Shame": 0.010165715729817748,
  "Surprise (negative)": 0.03143432078650221,
  "Surprise (positive)": 0.02176896120654419,
  "Sympathy": 0.011881280736997724,
  "Tiredness": 0.04255137462168932,
  "Triumph": 0.020932734198868274
}