{
  "Admiration": 0.018064030213281512,
  "Adoration": 0.008230757620185613,
  "Aesthetic Appreciation": 0.0352085689548403,
  "Amusement": 0.02423773519694805,
  "Anger": 0.008281012077350169,
  "Annoyance": 0.06527179777622223,
  "Anxiety": 0.010521789093036204,
  "Awe": 0.009770011756336317,
  "Awkwardness": 0.06007417114451528,
  "Boredom": 0.12354822950437665,
  "Calmness": 0.10813170103356243,
  "Concentration": 0.04820612454786897,
  "Confusion": 0.25538852121680977,
  "Contemplation": 0.05077335392124951,
  "Contempt": 0.03010303913615644,
  "Contentment": 0.041127099725417796,
  "Craving": 0.005644492170540616,
  "Determination": 0.015159731393214314,
  "Disappointment": 0.04473138153553009,
  "Disapproval": 0.03040388535009697,
  "Disgust": 0.008221709029749035,
  "Distress": 0.015378728043287992,
  "Doubt": 0.04204610800370574,
  "Ecstasy": 0.003837384161306545,
  "Embarrassment": 0.010685123736038804,
  "Empathic Pain": 0.008683881314937025,
  "Enthusiasm": 0.015111395646817983,
  "Entrancement": 0.014906103385146707,
  "Envy": 0.005304729554336518,
  "Excitement": 0.007342049735598266,
  "Fear": 0.004303181907744147,
  "Gratitude": 0.006469628034392372,
  "Guilt": 0.0037568737578112634,
  "Horror": 0.0022825025662314147,
  "Interest": 0.057254950795322654,
  "Joy": 0.012263886048458517,
  "Love": 0.006235815031686798,
  "Nostalgia": 0.009948367113247513,
  "Pain": 0.010427684185560792,
  "Pride": 0.010160505853127689,
  "Realization": 0.053264714684337376,
  "Relief": 0.012465873040491715,
  "Romance": 0.004259993742743972,
  "Sadness": 0.02000898539554328,
  "Sarcasm": 0.02285649466793984,
  "Satisfaction": 0.03787263543345034,
  "Desire": 0.00755066831188742,
  "Shame": 0.011593893356621265,
  "Surprise (negative)": 0.06456048558466136,
  "Surprise (positive)": 0.028035272925626485,
  "Sympathy": 0.013251158106140793,
  "Tiredness": 0.03615978569723666,
  "Triumph": 0.016758941602893172
}