{
  "Admiration": 0.032232041098177434,
  "Adoration": 0.020311612635850906,
  "Aesthetic Appreciation": 0.05719617609865964,
  "Amusement": 0.02500598334008828,
  "Anger": 0.004842337316949852,
  "Annoyance": 0.03969339592149481,
  "Anxiety": 0.006420158600667492,
  "Awe": 0.019691451464314013,
  "Awkwardness": 0.04180717912968248,
  "Boredom": 0.09746723140124232,
  "Calmness": 0.13345958273857833,
  "Concentration": 0.057507259352132675,
  "Confusion": 0.19089938094839454,
  "Contemplation": 0.05369891421869397,
  "Contempt": 0.021020996710285546,
  "Contentment": 0.06062653474509716,
  "Craving": 0.006481472431914881,
  "Determination": 0.017526963807176797,
  "Disappointment": 0.02435401586117223,
  "Disapproval": 0.014101785875391215,
  "Disgust": 0.005167632631491869,
  "Distress": 0.009389250943786464,
  "Doubt": 0.026051494246348738,
  "Ecstasy": 0.010590982474968768,
  "Embarrassment": 0.008194629318313672,
  "Empathic Pain": 0.0049902808415936304,
  "Enthusiasm": 0.026627856446430086,
  "Entrancement": 0.02594171608798206,
  "Envy": 0.004910101956920698,
  "Excitement": 0.013256107165943831,
  "Fear": 0.0031004761418444104,
  "Gratitude": 0.010464101142133586,
  "Guilt": 0.002355903731950093,
  "Horror": 0.0019781168710323984,
  "Interest": 0.08148300461471081,
  "Joy": 0.030898213875479995,
  "Love": 0.014963447528134565,
  "Nostalgia": 0.009994628606364131,
  "Pain": 0.006851297880348284,
  "Pride": 0.014304238406475633,
  "Realization": 0.040222966484725474,
  "Relief": 0.00936710403766483,
  "Romance": 0.00731540982160368,
  "Sadness": 0.010030776777421124,
  "Sarcasm": 0.016079494508448988,
  "Satisfaction": 0.05239087746012956,
  "Desire": 0.010158610055805184,
  "Shame": 0.008667925142799505,
  "Surprise (negative)": 0.04062297637574375,
  "Surprise (positive)": 0.027249531471170485,
  "Sympathy": 0.007762624279712327,
  "Tiredness": 0.020701952499803156,
  "Triumph": 0.020642259030137212
}