{
  "Admiration": 0.03715214424300939,
  "Adoration": 0.015438196540344507,
  "Aesthetic Appreciation": 0.0372777087148279,
  "Amusement": 0.027919736434705557,
  "Anger": 0.009657303060521372,
  "Annoyance": 0.04937430063728243,
  "Anxiety": 0.007772478692641016,
  "Awe": 0.014181397052016109,
  "Awkwardness": 0.04032975258305669,
  "Boredom": 0.10893204631283879,
  "Calmness": 0.13876605294644834,
  "Concentration": 0.05141862570308149,
  "Confusion": 0.16798140751197935,
  "Contemplation": 0.04145683054812253,
  "Contempt": 0.03343862658366561,
  "Contentment": 0.08419232880696655,
  "Craving": 0.006380390287085902,
  "Determination": 0.022812545706983656,
  "Disappointment": 0.02803912290837616,
  "Disapproval": 0.021416003222111613,
  "Disgust": 0.007003220909973606,
  "Distress": 0.010991259451839142,
  "Doubt": 0.023813550936756654,
  "Ecstasy": 0.00594730504672043,
  "Embarrassment": 0.006883608270436525,
  "Empathic Pain": 0.0050404159410391,
  "Enthusiasm": 0.024813022720627485,
  "Entrancement": 0.016623233340214937,
  "Envy": 0.005538600952422712,
  "Excitement": 0.011806591611821205,
  "Fear": 0.004011679456743878,
  "Gratitude": 0.027819082024507225,
  "Guilt": 0.00258166065759724,
  "Horror": 0.002076345291425241,
  "Interest": 0.053973907884210345,
  "Joy": 0.028504424495622516,
  "Love": 0.010269390000030399,
  "Nostalgia": 0.008665033170836977,
  "Pain": 0.007515183085342869,
  "Pride": 0.02153826974099502,
  "Realization": 0.03634812985546887,
  "Relief": 0.019711203000042588,
  "Romance": 0.005252409918466583,
  "Sadness": 0.013460753724211827,
  "Sarcasm": 0.025281097437255085,
  "Satisfaction": 0.07401237599551677,
  "Desire": 0.00882136497675674,
  "Shame": 0.008566556638106704,
  "Surprise (negative)": 0.02551700985059142,
  "Surprise (positive)": 0.026214120211079717,
  "Sympathy": 0.008326654345728457,
  "Tiredness": 0.03010222364682704,
  "Triumph": 0.025538216857239605
}