{
  "Admiration": 0.031192536093294622,
  "Adoration": 0.018496049742680043,
  "Aesthetic Appreciation": 0.04665623819455504,
  "Amusement": 0.024054256337694823,
  "Anger": 0.005848769735894166,
  "Annoyance": 0.04821838380303234,
  "Anxiety": 0.0072951583075337115,
  "Awe": 0.016482830815948545,
  "Awkwardness": 0.040961313690058884,
  "Boredom": 0.10719309579581023,
  "Calmness": 0.1319071989506483,
  "Concentration": 0.03881428583990783,
  "Confusion": 0.17358766826801003,
  "Contemplation": 0.05401282757520676,
  "Contempt": 0.025803944026120008,
  "Contentment": 0.06500650814268738,
  "Craving": 0.006442313431762159,
  "Determination": 0.014415284822462127,
  "Disappointment": 0.028904144500847904,
  "Disapproval": 0.0198756835074164,
  "Disgust": 0.011317987940856256,
  "Distress": 0.013853631407255308,
  "Doubt": 0.025146621663589032,
  "Ecstasy": 0.006919029273558408,
  "Embarrassment": 0.009250243965652771,
  "Empathic Pain": 0.007443416185560636,
  "Enthusiasm": 0.0199952247668989,
  "Entrancement": 0.023383679590187965,
  "Envy": 0.005161813553422689,
  "Excitement": 0.013211608055280521,
  "Fear": 0.004725448643148411,
  "Gratitude": 0.012305358346202411,
  "Guilt": 0.0027342320841853506,
  "Horror": 0.0038629190719802866,
  "Interest": 0.060442993929609654,
  "Joy": 0.0302174708689563,
  "Love": 0.015203662804560735,
  "Nostalgia": 0.018156695272773506,
  "Pain": 0.014103064962546341,
  "Pride": 0.013088025769684463,
  "Realization": 0.05130314421840012,
  "Relief": 0.017388261400628834,
  "Romance": 0.008348084264434874,
  "Sadness": 0.016037600417621433,
  "Sarcasm": 0.02068968981038779,
  "Satisfaction": 0.05353104674722999,
  "Desire": 0.01092791007249616,
  "Shame": 0.01012138485093601,
  "Surprise (negative)": 0.03228568418417126,
  "Surprise (positive)": 0.025884279143065216,
  "Sympathy": 0.010813370824325829,
  "Tiredness": 0.031073896936140953,
  "Triumph": 0.019258414732757956
}