{
  "Admiration": 0.016588288733328228,
  "Adoration": 0.01036466586519964,
  "Aesthetic Appreciation": 0.03345710274297744,
  "Amusement": 0.03303592266747728,
  "Anger": 0.012046930033829995,
  "Annoyance": 0.08301988821476698,
  "Anxiety": 0.019893284980207683,
  "Awe": 0.013043145806295797,
  "Awkwardness": 0.05341503079980612,
  "Boredom": 0.09439540598541499,
  "Calmness": 0.09798125105444341,
  "Concentration": 0.05072063868865371,
  "Confusion": 0.2291166413575411,
  "Contemplation": 0.04866155453491956,
  "Contempt": 0.02340059680864215,
  "Contentment": 0.030575260648038238,
  "Craving": 0.005635848612291739,
  "Determination": 0.01584447375498712,
  "Disappointment": 0.03428455588873476,
  "Disapproval": 0.023301728756632657,
  "Disgust": 0.009500838030362502,
  "Distress": 0.034733928041532636,
  "Doubt": 0.02624191278591752,
  "Ecstasy": 0.006934628859744408,
  "Embarrassment": 0.011544936016434804,
  "Empathic Pain": 0.007060781971085816,
  "Enthusiasm": 0.0218339329585433,
  "Entrancement": 0.02044060645857826,
  "Envy": 0.004187412312603556,
  "Excitement": 0.013746332318987697,
  "Fear": 0.00784641767386347,
  "Gratitude": 0.00452212019590661,
  "Guilt": 0.002916451160854194,
  "Horror": 0.004707728962239343,
  "Interest": 0.06600711531937123,
  "Joy": 0.01660177382582333,
  "Love": 0.009838524297811091,
  "Nostalgia": 0.013362665235763415,
  "Pain": 0.022728757592267355,
  "Pride": 0.008577693242114038,
  "Realization": 0.046420793142169715,
  "Relief": 0.007423109537921846,
  "Romance": 0.009295499115251005,
  "Sadness": 0.011494118208065628,
  "Sarcasm": 0.019863732962403447,
  "Satisfaction": 0.029296040593180805,
  "Desire": 0.018953471181157512,
  "Shame": 0.010268101486144588,
  "Surprise (negative)": 0.06933808545581996,
  "Surprise (positive)": 0.03069483322324231,
  "Sympathy": 0.009395050874445587,
  "Tiredness": 0.028346424759365618,
  "Triumph": 0.015676891134353353
}