{
  "Admiration": 0.02536371727474034,
  "Adoration": 0.012332077580504119,
  "Aesthetic Appreciation": 0.046630426147021356,
  "Amusement": 0.03539737248793244,
  "Anger": 0.005048525769961998,
  "Annoyance": 0.04541736938990652,
  "Anxiety": 0.006312630051979795,
  "Awe": 0.012298725906293839,
  "Awkwardness": 0.04182695816271007,
  "Boredom": 0.10195281505584716,
  "Calmness": 0.11193715501576662,
  "Concentration": 0.05833066469058394,
  "Confusion": 0.22491762740537524,
  "Contemplation": 0.05201980816200376,
  "Contempt": 0.03261596648953855,
  "Contentment": 0.04411970623768866,
  "Craving": 0.00421146628796123,
  "Determination": 0.01925497790798545,
  "Disappointment": 0.02614132488379255,
  "Disapproval": 0.022525166091509164,
  "Disgust": 0.005548980511957779,
  "Distress": 0.007854053133632988,
  "Doubt": 0.03257095119915902,
  "Ecstasy": 0.0048676388847525235,
  "Embarrassment": 0.00840283339493908,
  "Empathic Pain": 0.004302116934559308,
  "Enthusiasm": 0.023048951383680107,
  "Entrancement": 0.01788631100207567,
  "Envy": 0.006015078106429428,
  "Excitement": 0.009575545589905232,
  "Fear": 0.0024626282567624,
  "Gratitude": 0.006441015069140121,
  "Guilt": 0.003399362598429434,
  "Horror": 0.001422113071748754,
  "Interest": 0.07709721578285098,
  "Joy": 0.017784682754427194,
  "Love": 0.006894178275251761,
  "Nostalgia": 0.007132074370747432,
  "Pain": 0.005217600020114332,
  "Pride": 0.013002137478906661,
  "Realization": 0.049660224188119176,
  "Relief": 0.011864424089435489,
  "Romance": 0.004208704321354162,
  "Sadness": 0.008414393247221597,
  "Sarcasm": 0.03750577995087952,
  "Satisfaction": 0.042826166423037645,
  "Desire": 0.007254756067413837,
  "Shame": 0.009953391732415185,
  "Surprise (negative)": 0.03592829005792737,
  "Surprise (positive)": 0.029042187985032795,
  "Sympathy": 0.0075115046696737405,
  "Tiredness": 0.02948247021995485,
  "Triumph": 0.020058152894489468
}