{
  "Admiration": 0.019657694542547687,
  "Adoration": 0.009580103564076126,
  "Aesthetic Appreciation": 0.03577511196490377,
  "Amusement": 0.023740011226618663,
  "Anger": 0.006645610336272511,
  "Annoyance": 0.04490077770315111,
  "Anxiety": 0.010262412496376782,
  "Awe": 0.011183825210900977,
  "Awkwardness": 0.053116930788382886,
  "Boredom": 0.13436188735067844,
  "Calmness": 0.13479444105178118,
  "Concentration": 0.05896825259551406,
  "Confusion": 0.20874662520363926,
  "Contemplation": 0.05644800215959549,
  "Contempt": 0.02827109955251217,
  "Contentment": 0.04726751651614904,
  "Craving": 0.00647800366859883,
  "Determination": 0.018700175266712905,
  "Disappointment": 0.027388011943548916,
  "Disapproval": 0.023117249459028245,
  "Disgust": 0.008030638203490526,
  "Distress": 0.012402766151353717,
  "Doubt": 0.03408763785846532,
  "Ecstasy": 0.004594884009566158,
  "Embarrassment": 0.009131605690345167,
  "Empathic Pain": 0.007343913987278938,
  "Enthusiasm": 0.015232407371513546,
  "Entrancement": 0.019277170253917574,
  "Envy": 0.005103446979774162,
  "Excitement": 0.006977262394502759,
  "Fear": 0.004348329000640661,
  "Gratitude": 0.007444115716498345,
  "Guilt": 0.003693123388802633,
  "Horror": 0.002150979042198742,
  "Interest": 0.06357616372406483,
  "Joy": 0.013264732959214598,
  "Love": 0.008444772678194568,
  "Nostalgia": 0.008464318851474672,
  "Pain": 0.008509625098668039,
  "Pride": 0.011076498951297253,
  "Realization": 0.04635537718422711,
  "Relief": 0.013658842531731353,
  "Romance": 0.0063210155174601825,
  "Sadness": 0.012107724999077618,
  "Sarcasm": 0.020106142607983202,
  "Satisfaction": 0.03849276597611606,
  "Desire": 0.009845854277955368,
  "Shame": 0.011761482688598335,
  "Surprise (negative)": 0.03790694277267903,
  "Surprise (positive)": 0.02473106498364359,
  "Sympathy": 0.01183181912638247,
  "Tiredness": 0.04030323154293001,
  "Triumph": 0.014790281769819558
}