{
  "Admiration": 0.02974791971500963,
  "Adoration": 0.026504237786866724,
  "Aesthetic Appreciation": 0.03670876293908805,
  "Amusement": 0.03860121665056795,
  "Anger": 0.006771319179097191,
  "Annoyance": 0.044163100537844,
  "Anxiety": 0.006655057182069868,
  "Awe": 0.015359007450751961,
  "Awkwardness": 0.049800633708946405,
  "Boredom": 0.09161831282544881,
  "Calmness": 0.12519862446933985,
  "Concentration": 0.04288358804769814,
  "Confusion": 0.21376780956052244,
  "Contemplation": 0.05091879521496594,
  "Contempt": 0.030655726976692676,
  "Contentment": 0.0613846093416214,
  "Craving": 0.010190929798409343,
  "Determination": 0.02060289599467069,
  "Disappointment": 0.024626413208898155,
  "Disapproval": 0.022132707305718213,
  "Disgust": 0.007790270383702591,
  "Distress": 0.009072308579925447,
  "Doubt": 0.03414433168945834,
  "Ecstasy": 0.010657502704998479,
  "Embarrassment": 0.009015783690847457,
  "Empathic Pain": 0.0076344828528817745,
  "Enthusiasm": 0.025561012839898468,
  "Entrancement": 0.023589065368287265,
  "Envy": 0.005592880700714886,
  "Excitement": 0.015174037427641451,
  "Fear": 0.003179847521823831,
  "Gratitude": 0.010808311612345278,
  "Guilt": 0.0028576294367667287,
  "Horror": 0.0018484629596059675,
  "Interest": 0.06581242280080915,
  "Joy": 0.034871157980524,
  "Love": 0.050261151208542285,
  "Nostalgia": 0.008175036986358464,
  "Pain": 0.0085059656703379,
  "Pride": 0.015103754634037615,
  "Realization": 0.054950747080147265,
  "Relief": 0.01542395616415888,
  "Romance": 0.04059473585002706,
  "Sadness": 0.009395737096201628,
  "Sarcasm": 0.03257678921800107,
  "Satisfaction": 0.05662878900766373,
  "Desire": 0.022853811497043353,
  "Shame": 0.009709746605949476,
  "Surprise (negative)": 0.036552653973922135,
  "Surprise (positive)": 0.037047155946493146,
  "Sympathy": 0.013259596709394828,
  "Tiredness": 0.027338980266358705,
  "Triumph": 0.02151188189163804
}