{
  "Admiration": 0.029628530028276145,
  "Adoration": 0.0135533049935475,
  "Aesthetic Appreciation": 0.05739508541300893,
  "Amusement": 0.03854725742712617,
  "Anger": 0.004591735551366582,
  "Annoyance": 0.04226643699221313,
  "Anxiety": 0.0045629749656654894,
  "Awe": 0.017039676010608674,
  "Awkwardness": 0.05008184458129108,
  "Boredom": 0.11591753428801894,
  "Calmness": 0.12183166835457086,
  "Concentration": 0.05142993060871959,
  "Confusion": 0.18703463594429195,
  "Contemplation": 0.058097956655547026,
  "Contempt": 0.026554170018061995,
  "Contentment": 0.05652961442247033,
  "Craving": 0.006009058654308319,
  "Determination": 0.01996860759682022,
  "Disappointment": 0.028621655248571187,
  "Disapproval": 0.020287993305828422,
  "Disgust": 0.0077492776326835155,
  "Distress": 0.006699213763931766,
  "Doubt": 0.0257260934333317,
  "Ecstasy": 0.0060217938269488515,
  "Embarrassment": 0.009991438215365633,
  "Empathic Pain": 0.0052178761427057905,
  "Enthusiasm": 0.023216210724785923,
  "Entrancement": 0.02252476164139807,
  "Envy": 0.006380409433040768,
  "Excitement": 0.011586699809413403,
  "Fear": 0.00194682834262494,
  "Gratitude": 0.008605134929530323,
  "Guilt": 0.0031676731479819862,
  "Horror": 0.001712760478403652,
  "Interest": 0.06569041144102812,
  "Joy": 0.025825796322897075,
  "Love": 0.008660903869895265,
  "Nostalgia": 0.01235534279840067,
  "Pain": 0.005721930935396813,
  "Pride": 0.012164287967607379,
  "Realization": 0.06148771913722158,
  "Relief": 0.011819605354685337,
  "Romance": 0.006420106231234968,
  "Sadness": 0.009498473547864705,
  "Sarcasm": 0.02321523621212691,
  "Satisfaction": 0.05496854204684496,
  "Desire": 0.014250173995969817,
  "Shame": 0.010537514288444072,
  "Surprise (negative)": 0.03972751855617389,
  "Surprise (positive)": 0.0358436337672174,
  "Sympathy": 0.009143142646644264,
  "Tiredness": 0.02713962602429092,
  "Triumph": 0.021358928875997663
}