{
  "Admiration": 0.015434110374189913,
  "Adoration": 0.00777965685701929,
  "Aesthetic Appreciation": 0.04049294964643195,
  "Amusement": 0.023781936895102263,
  "Anger": 0.01698482297506416,
  "Annoyance": 0.08357792957685888,
  "Anxiety": 0.010888353036716581,
  "Awe": 0.009612164495047181,
  "Awkwardness": 0.0537598388036713,
  "Boredom": 0.12109676608815789,
  "Calmness": 0.11236122217960656,
  "Concentration": 0.051907113986089826,
  "Confusion": 0.19078196841292083,
  "Contemplation": 0.045989920804277065,
  "Contempt": 0.02971917255781591,
  "Contentment": 0.04607044523581862,
  "Craving": 0.006818665814353153,
  "Determination": 0.014166817883960903,
  "Disappointment": 0.04943112822948024,
  "Disapproval": 0.036479990876978265,
  "Disgust": 0.013845140428747982,
  "Distress": 0.020974800596013664,
  "Doubt": 0.02947124307975173,
  "Ecstasy": 0.005099728141794912,
  "Embarrassment": 0.016550723754335195,
  "Empathic Pain": 0.007891563748125918,
  "Enthusiasm": 0.015391068719327449,
  "Entrancement": 0.01777853851672262,
  "Envy": 0.005049152334686368,
  "Excitement": 0.008139391185250134,
  "Fear": 0.0037311871972633527,
  "Gratitude": 0.005400020809611305,
  "Guilt": 0.0042499835239141245,
  "Horror": 0.00254801745977602,
  "Interest": 0.054587109945714474,
  "Joy": 0.014421981386840343,
  "Love": 0.006493499930365942,
  "Nostalgia": 0.00756404610874597,
  "Pain": 0.016166177194099872,
  "Pride": 0.008101584599353373,
  "Realization": 0.04384978320449591,
  "Relief": 0.01285709064686671,
  "Romance": 0.004952022549696266,
  "Sadness": 0.01709483008016832,
  "Sarcasm": 0.02351956956554204,
  "Satisfaction": 0.040366440056823195,
  "Desire": 0.010780033504124731,
  "Shame": 0.01706411420018412,
  "Surprise (negative)": 0.04627784327603877,
  "Surprise (positive)": 0.022583937225863337,
  "Sympathy": 0.011196446255780756,
  "Tiredness": 0.050275180907920006,
  "Triumph": 0.014604184834752232
}