{
  "Admiration": 0.01598735018633306,
  "Adoration": 0.009199611470103264,
  "Aesthetic Appreciation": 0.042354355473071335,
  "Amusement": 0.024753255606628954,
  "Anger": 0.006413200066890568,
  "Annoyance": 0.04292160915210843,
  "Anxiety": 0.0067037291009910405,
  "Awe": 0.010397785750683397,
  "Awkwardness": 0.04675538083538413,
  "Boredom": 0.11312617985531688,
  "Calmness": 0.12224768847227097,
  "Concentration": 0.06780793336220085,
  "Confusion": 0.20186080685816704,
  "Contemplation": 0.058491721469908955,
  "Contempt": 0.026506111631169914,
  "Contentment": 0.05016015768051148,
  "Craving": 0.007050147751579061,
  "Determination": 0.028141436562873424,
  "Disappointment": 0.034932111541274936,
  "Disapproval": 0.019970816560089588,
  "Disgust": 0.0069521249970421195,
  "Distress": 0.010851173376431688,
  "Doubt": 0.03255893315654248,
  "Ecstasy": 0.005649980140151456,
  "Embarrassment": 0.008954305868246592,
  "Empathic Pain": 0.005551957033458166,
  "Enthusiasm": 0.01913860864005983,
  "Entrancement": 0.02241483002435416,
  "Envy": 0.004499474991462193,
  "Excitement": 0.00861085481592454,
  "Fear": 0.0038558279542485253,
  "Gratitude": 0.005995986930793151,
  "Guilt": 0.0038168015162227675,
  "Horror": 0.0027174520095286426,
  "Interest": 0.061990260146558285,
  "Joy": 0.014626612653955817,
  "Love": 0.008219891585758888,
  "Nostalgia": 0.01198386646574363,
  "Pain": 0.009049251218675636,
  "Pride": 0.01351567666279152,
  "Realization": 0.05445693898946047,
  "Relief": 0.009729849896393717,
  "Romance": 0.006960313416493591,
  "Sadness": 0.012687337829265743,
  "Sarcasm": 0.01636215434409678,
  "Satisfaction": 0.04613364916294813,
  "Desire": 0.011349707079352811,
  "Shame": 0.01165417741285637,
  "Surprise (negative)": 0.0349527079728432,
  "Surprise (positive)": 0.020533305243588984,
  "Sympathy": 0.008429480227641761,
  "Tiredness": 0.03352571608265862,
  "Triumph": 0.02257631397806108
}