{
  "Admiration": 0.02548612080863677,
  "Adoration": 0.009593492688145489,
  "Aesthetic Appreciation": 0.04985402661841363,
  "Amusement": 0.021849735314026474,
  "Anger": 0.0069138862410909495,
  "Annoyance": 0.04255724363029003,
  "Anxiety": 0.00952186161885038,
  "Awe": 0.013589832547586412,
  "Awkwardness": 0.043827876914292574,
  "Boredom": 0.11831090543419123,
  "Calmness": 0.14732556510716677,
  "Concentration": 0.050116235855966806,
  "Confusion": 0.19302044478245078,
  "Contemplation": 0.05606227833777666,
  "Contempt": 0.026531601278111338,
  "Contentment": 0.058549460303038356,
  "Craving": 0.004726869869045913,
  "Determination": 0.014480021898634732,
  "Disappointment": 0.02494743907591328,
  "Disapproval": 0.02372719404520467,
  "Disgust": 0.012912432386656292,
  "Distress": 0.01677876154426485,
  "Doubt": 0.028046995878685265,
  "Ecstasy": 0.00465708427655045,
  "Embarrassment": 0.008192976628197356,
  "Empathic Pain": 0.007405799091793596,
  "Enthusiasm": 0.01491182838799432,
  "Entrancement": 0.02203981768107042,
  "Envy": 0.004404677216371056,
  "Excitement": 0.006390221434412524,
  "Fear": 0.005605402086803224,
  "Gratitude": 0.0355584628705401,
  "Guilt": 0.0025535573047818618,
  "Horror": 0.003945215236672084,
  "Interest": 0.06393387583084405,
  "Joy": 0.013703346007969231,
  "Love": 0.006936941610183567,
  "Nostalgia": 0.007853948906995357,
  "Pain": 0.011028887575957925,
  "Pride": 0.008205294038634747,
  "Realization": 0.049857898708432914,
  "Relief": 0.015352639416232706,
  "Romance": 0.005843756980902981,
  "Sadness": 0.011834638635627925,
  "Sarcasm": 0.01988848492037505,
  "Satisfaction": 0.04515347082633525,
  "Desire": 0.013557611612486652,
  "Shame": 0.00953139312332496,
  "Surprise (negative)": 0.039173740637488665,
  "Surprise (positive)": 0.025487209245329722,
  "Sympathy": 0.011386715760454535,
  "Tiredness": 0.040394830610603095,
  "Triumph": 0.013734084670431912
}