{
  "Admiration": 0.027358741662465037,
  "Adoration": 0.012212178990012035,
  "Aesthetic Appreciation": 0.05057330278214067,
  "Amusement": 0.04291494018398225,
  "Anger": 0.013359981222311034,
  "Annoyance": 0.060560243856161836,
  "Anxiety": 0.007325771916657686,
  "Awe": 0.01272215200588107,
  "Awkwardness": 0.04725963342934847,
  "Boredom": 0.11100553404539823,
  "Calmness": 0.1177024956792593,
  "Concentration": 0.03951618059072644,
  "Confusion": 0.1794218374416232,
  "Contemplation": 0.03826910993084311,
  "Contempt": 0.03246585070155561,
  "Contentment": 0.06298382058739663,
  "Craving": 0.006278118213958806,
  "Determination": 0.018933820200618356,
  "Disappointment": 0.036066960683092474,
  "Disapproval": 0.02951495200395584,
  "Disgust": 0.01685448192874901,
  "Distress": 0.014123710244894028,
  "Doubt": 0.022780379612231626,
  "Ecstasy": 0.0079757415514905,
  "Embarrassment": 0.008504131599329412,
  "Empathic Pain": 0.00691597139229998,
  "Enthusiasm": 0.029139670450240372,
  "Entrancement": 0.01984127634204924,
  "Envy": 0.004325019897078164,
  "Excitement": 0.012654114258475601,
  "Fear": 0.003350931547174696,
  "Gratitude": 0.012906644935719669,
  "Guilt": 0.0030697032081661744,
  "Horror": 0.0035314395172463264,
  "Interest": 0.05366030209697783,
  "Joy": 0.032355665683280674,
  "Love": 0.010657414147863165,
  "Nostalgia": 0.00940665851230733,
  "Pain": 0.012282716279150918,
  "Pride": 0.0159968321910128,
  "Realization": 0.04246424837037921,
  "Relief": 0.013115850067697466,
  "Romance": 0.005703315074788407,
  "Sadness": 0.013238389743492007,
  "Sarcasm": 0.02843600306659937,
  "Satisfaction": 0.058538784133270384,
  "Desire": 0.010191287088673562,
  "Shame": 0.010513244476169348,
  "Surprise (negative)": 0.04253300904529169,
  "Surprise (positive)": 0.027780610718764365,
  "Sympathy": 0.010301801934838295,
  "Tiredness": 0.030766261671669782,
  "Triumph": 0.022775977314449847
}