{
  "Admiration": 0.02471460518427193,
  "Adoration": 0.010630715539446101,
  "Aesthetic Appreciation": 0.04019964867038652,
  "Amusement": 0.03741435124538839,
  "Anger": 0.007910875481320545,
  "Annoyance": 0.03963088020682335,
  "Anxiety": 0.011385584413073958,
  "Awe": 0.015300281305098907,
  "Awkwardness": 0.04255838338285685,
  "Boredom": 0.1103480421938002,
  "Calmness": 0.11496055219322443,
  "Concentration": 0.04818300879560411,
  "Confusion": 0.17164212227798997,
  "Contemplation": 0.038566834107041356,
  "Contempt": 0.025710140634328128,
  "Contentment": 0.04929131113458425,
  "Craving": 0.005523778630595189,
  "Determination": 0.023669737856835127,
  "Disappointment": 0.024480419442988934,
  "Disapproval": 0.018172024399973452,
  "Disgust": 0.011234412610065192,
  "Distress": 0.01698770822840743,
  "Doubt": 0.022571462439373136,
  "Ecstasy": 0.00828062659711577,
  "Embarrassment": 0.008562185941264034,
  "Empathic Pain": 0.007441851356998086,
  "Enthusiasm": 0.01928230667253956,
  "Entrancement": 0.022408957965672015,
  "Envy": 0.0054887836158741266,
  "Excitement": 0.008678799465997145,
  "Fear": 0.00819928257697029,
  "Gratitude": 0.0073034265631577,
  "Guilt": 0.003133900053217076,
  "Horror": 0.007824344601249322,
  "Interest": 0.049435132462531325,
  "Joy": 0.021111110446508975,
  "Love": 0.009476755226205568,
  "Nostalgia": 0.009810981608461588,
  "Pain": 0.015541548968758433,
  "Pride": 0.01722176808398217,
  "Realization": 0.042435955023393035,
  "Relief": 0.014448821789119392,
  "Romance": 0.006342238847719272,
  "Sadness": 0.013703673961572349,
  "Sarcasm": 0.02255322285927832,
  "Satisfaction": 0.04653455067891628,
  "Desire": 0.012819219744415022,
  "Shame": 0.011735620093531907,
  "Surprise (negative)": 0.040277399402111766,
  "Surprise (positive)": 0.02634061612188816,
  "Sympathy": 0.010466985416132956,
  "Tiredness": 0.040394073142670094,
  "Triumph": 0.027059222746174783
}