{
  "Admiration": 0.028709621529560535,
  "Adoration": 0.01692449887050316,
  "Aesthetic Appreciation": 0.041385942394845186,
  "Amusement": 0.028098589833825828,
  "Anger": 0.009027719459845684,
  "Annoyance": 0.05714265131391585,
  "Anxiety": 0.0163144881487824,
  "Awe": 0.014722535165492445,
  "Awkwardness": 0.05144690668676048,
  "Boredom": 0.09487239625304937,
  "Calmness": 0.10341857438907028,
  "Concentration": 0.05993383810855448,
  "Confusion": 0.17365577197633683,
  "Contemplation": 0.052797969756647946,
  "Contempt": 0.02728481185622513,
  "Contentment": 0.041917602019384506,
  "Craving": 0.009234317997470497,
  "Determination": 0.023441681801341475,
  "Disappointment": 0.05041325064375997,
  "Disapproval": 0.025489729642868043,
  "Disgust": 0.010582623002119363,
  "Distress": 0.02554163634777069,
  "Doubt": 0.02855196362361312,
  "Ecstasy": 0.005993830021179747,
  "Embarrassment": 0.014034585951594635,
  "Empathic Pain": 0.013922863430343569,
  "Enthusiasm": 0.02260193689726293,
  "Entrancement": 0.020887828385457396,
  "Envy": 0.00668283358681947,
  "Excitement": 0.01193190667545423,
  "Fear": 0.008951465936843307,
  "Gratitude": 0.007300476793898269,
  "Guilt": 0.010065507027320564,
  "Horror": 0.0035055107437074184,
  "Interest": 0.06275124307721854,
  "Joy": 0.018101818196009846,
  "Love": 0.013407379429554566,
  "Nostalgia": 0.02508779972558841,
  "Pain": 0.02220190740772523,
  "Pride": 0.017096639983355998,
  "Realization": 0.051786007918417455,
  "Relief": 0.011095047602429986,
  "Romance": 0.006971491857257206,
  "Sadness": 0.033541322674136606,
  "Sarcasm": 0.022418239363469185,
  "Satisfaction": 0.04419065951369703,
  "Desire": 0.011993135426018852,
  "Shame": 0.021138736209832133,
  "Surprise (negative)": 0.039543282613158225,
  "Surprise (positive)": 0.02543521150946617,
  "Sympathy": 0.017051617556717247,
  "Tiredness": 0.027012746152468025,
  "Triumph": 0.024729411583393812
}