{
  "Admiration": 0.022579933947417884,
  "Adoration": 0.010946962970774621,
  "Aesthetic Appreciation": 0.036716819973662496,
  "Amusement": 0.023543019639328124,
  "Anger": 0.015802069270284845,
  "Annoyance": 0.056119984528049824,
  "Anxiety": 0.006402097060345113,
  "Awe": 0.010878876142669469,
  "Awkwardness": 0.04910930376499891,
  "Boredom": 0.11852570441551506,
  "Calmness": 0.12192854657769203,
  "Concentration": 0.043252823781222104,
  "Confusion": 0.14860199755057693,
  "Contemplation": 0.03568790135905146,
  "Contempt": 0.028203883208334446,
  "Contentment": 0.06138822128996253,
  "Craving": 0.006815914437174797,
  "Determination": 0.04392506442964077,
  "Disappointment": 0.03204266205430031,
  "Disapproval": 0.018751143268309532,
  "Disgust": 0.006814127857796848,
  "Distress": 0.010498384130187333,
  "Doubt": 0.022857638262212276,
  "Ecstasy": 0.007466277311323211,
  "Embarrassment": 0.010021314554614946,
  "Empathic Pain": 0.00713734031887725,
  "Enthusiasm": 0.02326690040063113,
  "Entrancement": 0.01608317159116268,
  "Envy": 0.005055914900731295,
  "Excitement": 0.009130743611603976,
  "Fear": 0.0023858328844653443,
  "Gratitude": 0.011700091883540154,
  "Guilt": 0.0036528241820633412,
  "Horror": 0.0015211153528071008,
  "Interest": 0.04758177027106285,
  "Joy": 0.020842764829285442,
  "Love": 0.0128802151652053,
  "Nostalgia": 0.008474494799156674,
  "Pain": 0.010413243051152677,
  "Pride": 0.01767481635324657,
  "Realization": 0.04107483308762312,
  "Relief": 0.017237213300541045,
  "Romance": 0.006406460251309909,
  "Sadness": 0.011748881905805319,
  "Sarcasm": 0.017058512242510915,
  "Satisfaction": 0.054847550578415394,
  "Desire": 0.010108318354468793,
  "Shame": 0.011621714720968157,
  "Surprise (negative)": 0.03784328585024923,
  "Surprise (positive)": 0.02429427425377071,
  "Sympathy": 0.01270047149155289,
  "Tiredness": 0.04112943271175027,
  "Triumph": 0.030109310615807773
}