{
  "Admiration": 0.02631713916780427,
  "Adoration": 0.013917138043325394,
  "Aesthetic Appreciation": 0.046359661896713075,
  "Amusement": 0.025311788404360415,
  "Anger": 0.004667993207112886,
  "Annoyance": 0.040207293478306386,
  "Anxiety": 0.006457592878723517,
  "Awe": 0.013473693514242768,
  "Awkwardness": 0.04015612090006471,
  "Boredom": 0.09807153316214681,
  "Calmness": 0.13637443333864213,
  "Concentration": 0.053218234609812495,
  "Confusion": 0.19638559659942983,
  "Contemplation": 0.0786012914031744,
  "Contempt": 0.026257623452693224,
  "Contentment": 0.07103306853678078,
  "Craving": 0.00849618234205991,
  "Determination": 0.01983694629743695,
  "Disappointment": 0.027998233493417502,
  "Disapproval": 0.016935047949664293,
  "Disgust": 0.005395245004910976,
  "Distress": 0.008021980721969158,
  "Doubt": 0.030317069427110255,
  "Ecstasy": 0.008709145469765645,
  "Embarrassment": 0.008334086439572275,
  "Empathic Pain": 0.0057516304950695485,
  "Enthusiasm": 0.01926745120435953,
  "Entrancement": 0.02491478945594281,
  "Envy": 0.005507881171070039,
  "Excitement": 0.008954882086254657,
  "Fear": 0.002515892803785391,
  "Gratitude": 0.011729386798106135,
  "Guilt": 0.003229050469235517,
  "Horror": 0.0013682922624866478,
  "Interest": 0.06730105699971319,
  "Joy": 0.02359380350681022,
  "Love": 0.013890522051951848,
  "Nostalgia": 0.015175303479190915,
  "Pain": 0.006978878995869309,
  "Pride": 0.012609808845445514,
  "Realization": 0.05798311587423086,
  "Relief": 0.015109848300926387,
  "Romance": 0.010258637214428745,
  "Sadness": 0.009892532584490254,
  "Sarcasm": 0.021701939636841416,
  "Satisfaction": 0.05723121794871986,
  "Desire": 0.011233518767403439,
  "Shame": 0.010334397276164965,
  "Surprise (negative)": 0.027295015065465122,
  "Surprise (positive)": 0.02554084125440568,
  "Sympathy": 0.009808812881237828,
  "Tiredness": 0.02867450623307377,
  "Triumph": 0.02073467386653647
}