{
  "Admiration": 0.02520282705081627,
  "Adoration": 0.015666836011223494,
  "Aesthetic Appreciation": 0.04207813097164035,
  "Amusement": 0.029045328171923755,
  "Anger": 0.0072781012597260995,
  "Annoyance": 0.03818188405130059,
  "Anxiety": 0.007264099328313023,
  "Awe": 0.013643440883606672,
  "Awkwardness": 0.04964540563523769,
  "Boredom": 0.12449611369520426,
  "Calmness": 0.12114952635020018,
  "Concentration": 0.05024594999849796,
  "Confusion": 0.1891094520688057,
  "Contemplation": 0.04869629521854222,
  "Contempt": 0.02602751012891531,
  "Contentment": 0.056161399092525245,
  "Craving": 0.007657627429580316,
  "Determination": 0.01586924324510619,
  "Disappointment": 0.02111972835846245,
  "Disapproval": 0.018497468868736176,
  "Disgust": 0.010046904310001992,
  "Distress": 0.011213805846637115,
  "Doubt": 0.02892375998198986,
  "Ecstasy": 0.007472814856737386,
  "Embarrassment": 0.009294641180895269,
  "Empathic Pain": 0.006529204599792138,
  "Enthusiasm": 0.02503886048216373,
  "Entrancement": 0.02056206485722214,
  "Envy": 0.005867116985609755,
  "Excitement": 0.012926517991581931,
  "Fear": 0.003459369743359275,
  "Gratitude": 0.007093268865719438,
  "Guilt": 0.002927661425201222,
  "Horror": 0.0029633662903506774,
  "Interest": 0.05750204622745514,
  "Joy": 0.02591250850819051,
  "Love": 0.011613467882853001,
  "Nostalgia": 0.01375110371154733,
  "Pain": 0.01024493165896274,
  "Pride": 0.01692238515242934,
  "Realization": 0.04177900515496731,
  "Relief": 0.010689062532037497,
  "Romance": 0.008903241671214345,
  "Sadness": 0.01381304727983661,
  "Sarcasm": 0.020322718657553196,
  "Satisfaction": 0.048105547577142714,
  "Desire": 0.02133580075460486,
  "Shame": 0.0108331463416107,
  "Surprise (negative)": 0.025734218861907722,
  "Surprise (positive)": 0.024127817642875016,
  "Sympathy": 0.009516126033850015,
  "Tiredness": 0.03372250606771558,
  "Triumph": 0.023785965447314084
}