{
  "Admiration": 0.030095082544721662,
  "Adoration": 0.010782280680723488,
  "Aesthetic Appreciation": 0.032631144940387456,
  "Amusement": 0.02951133265160024,
  "Anger": 0.013596405897988006,
  "Annoyance": 0.07594434565398842,
  "Anxiety": 0.007887053006561473,
  "Awe": 0.01413695674855262,
  "Awkwardness": 0.054699094616808,
  "Boredom": 0.11005077280569822,
  "Calmness": 0.10465222420170903,
  "Concentration": 0.04784265992930159,
  "Confusion": 0.22156969662755727,
  "Contemplation": 0.0403526995331049,
  "Contempt": 0.030706834653392433,
  "Contentment": 0.044759687734767795,
  "Craving": 0.0033546000020578505,
  "Determination": 0.012740885256789625,
  "Disappointment": 0.03637471966212615,
  "Disapproval": 0.030473892693407834,
  "Disgust": 0.01029779681994114,
  "Distress": 0.013701462146127597,
  "Doubt": 0.029058335232548416,
  "Ecstasy": 0.004882401775103062,
  "Embarrassment": 0.01265143252676353,
  "Empathic Pain": 0.00536209981655702,
  "Enthusiasm": 0.016757339471951127,
  "Entrancement": 0.014739894575905054,
  "Envy": 0.004489403625484556,
  "Excitement": 0.00832353748846799,
  "Fear": 0.0030893473027390427,
  "Gratitude": 0.012677653675200417,
  "Guilt": 0.004045053516165353,
  "Horror": 0.002369619508681353,
  "Interest": 0.05242374362424016,
  "Joy": 0.020510045799892396,
  "Love": 0.006365725872456096,
  "Nostalgia": 0.015001966175623238,
  "Pain": 0.008512737206183374,
  "Pride": 0.016782232583500444,
  "Realization": 0.04527356214821339,
  "Relief": 0.010853843565564602,
  "Romance": 0.003864373080432415,
  "Sadness": 0.009509337542112917,
  "Sarcasm": 0.02089644526131451,
  "Satisfaction": 0.04204603317193687,
  "Desire": 0.007517331282724626,
  "Shame": 0.012745479319710285,
  "Surprise (negative)": 0.053952217823825775,
  "Surprise (positive)": 0.03131051566451788,
  "Sympathy": 0.008840705268085003,
  "Tiredness": 0.031333323789294806,
  "Triumph": 0.021227627969346942
}