{
  "Admiration": 0.027638540766201914,
  "Adoration": 0.013672077032970265,
  "Aesthetic Appreciation": 0.042468482814729216,
  "Amusement": 0.032749465899541974,
  "Anger": 0.005912547526531853,
  "Annoyance": 0.036684350483119486,
  "Anxiety": 0.007291421029367484,
  "Awe": 0.01198687426513061,
  "Awkwardness": 0.05231092954054475,
  "Boredom": 0.10854167267680168,
  "Calmness": 0.14419232178479433,
  "Concentration": 0.03914904328994453,
  "Confusion": 0.18691549859941006,
  "Contemplation": 0.051342421723529694,
  "Contempt": 0.025258446484804152,
  "Contentment": 0.05957067483104765,
  "Craving": 0.009723429569567088,
  "Determination": 0.01564643974415958,
  "Disappointment": 0.02933193021453917,
  "Disapproval": 0.019365353090688587,
  "Disgust": 0.009253846143838017,
  "Distress": 0.00930179721035529,
  "Doubt": 0.030195274599827827,
  "Ecstasy": 0.008025672391522676,
  "Embarrassment": 0.008475366421043873,
  "Empathic Pain": 0.005900378280784935,
  "Enthusiasm": 0.026202397781889885,
  "Entrancement": 0.02087753340601921,
  "Envy": 0.0051489600737113506,
  "Excitement": 0.014159357408061624,
  "Fear": 0.003387541598203825,
  "Gratitude": 0.011411211569793522,
  "Guilt": 0.0031098509149160235,
  "Horror": 0.002029184736602474,
  "Interest": 0.06773331072181463,
  "Joy": 0.02606195189873688,
  "Love": 0.011882625438738614,
  "Nostalgia": 0.01259907252388075,
  "Pain": 0.007277506415266544,
  "Pride": 0.014694667659932747,
  "Realization": 0.04207983058877289,
  "Relief": 0.010932907857932151,
  "Romance": 0.007642737482092344,
  "Sadness": 0.011557086155517027,
  "Sarcasm": 0.023929031752049922,
  "Satisfaction": 0.046891724597662686,
  "Desire": 0.01337043800012907,
  "Shame": 0.010659852728713304,
  "Surprise (negative)": 0.03572011361829937,
  "Surprise (positive)": 0.026511339517310262,
  "Sympathy": 0.010871039505582302,
  "Tiredness": 0.020969536085613073,
  "Triumph": 0.01876316195121035
}