{
  "Admiration": 0.01742010685848072,
  "Adoration": 0.009168899495853111,
  "Aesthetic Appreciation": 0.033764505735598506,
  "Amusement": 0.021677970327436923,
  "Anger": 0.005236537948076147,
  "Annoyance": 0.04185760444961488,
  "Anxiety": 0.006177143868990242,
  "Awe": 0.009850628580898047,
  "Awkwardness": 0.04018143331632018,
  "Boredom": 0.130049956869334,
  "Calmness": 0.16225778553634881,
  "Concentration": 0.061079481383785605,
  "Confusion": 0.1582694962155074,
  "Contemplation": 0.049717669771052894,
  "Contempt": 0.024868750479072332,
  "Contentment": 0.06509881315287203,
  "Craving": 0.00668311090557836,
  "Determination": 0.03148310242686421,
  "Disappointment": 0.024494715221226215,
  "Disapproval": 0.014991304487921298,
  "Disgust": 0.0051821900473441925,
  "Distress": 0.007719781523337588,
  "Doubt": 0.02474302747286856,
  "Ecstasy": 0.0074152361165033655,
  "Embarrassment": 0.006826569960685447,
  "Empathic Pain": 0.005069368507247418,
  "Enthusiasm": 0.02439259988022968,
  "Entrancement": 0.016677935305051506,
  "Envy": 0.004038657766068354,
  "Excitement": 0.010573278798256069,
  "Fear": 0.0023770262530888433,
  "Gratitude": 0.01072407769243,
  "Guilt": 0.0031009038008050992,
  "Horror": 0.001426167793033528,
  "Interest": 0.07212328845635056,
  "Joy": 0.018271899275714532,
  "Love": 0.011279671837110072,
  "Nostalgia": 0.007154102719505317,
  "Pain": 0.0061746227322146295,
  "Pride": 0.011407104402314872,
  "Realization": 0.04497122792527079,
  "Relief": 0.01666529626818374,
  "Romance": 0.006670317084717681,
  "Sadness": 0.008253388683078811,
  "Sarcasm": 0.017276446032337845,
  "Satisfaction": 0.060593738104216754,
  "Desire": 0.011124646452663001,
  "Shame": 0.008461462869308888,
  "Surprise (negative)": 0.029822487593628468,
  "Surprise (positive)": 0.02713595551904291,
  "Sympathy": 0.008865990303456783,
  "Tiredness": 0.04974662379827351,
  "Triumph": 0.022129434917587787
}