{
  "Admiration": 0.02325581247569062,
  "Adoration": 0.010827052127569913,
  "Aesthetic Appreciation": 0.04448940915754065,
  "Amusement": 0.023897202557418496,
  "Anger": 0.01223467589879874,
  "Annoyance": 0.05065503551159054,
  "Anxiety": 0.008728764997795225,
  "Awe": 0.012139901926275343,
  "Awkwardness": 0.046822116198018196,
  "Boredom": 0.10094617903232575,
  "Calmness": 0.13362800665199756,
  "Concentration": 0.08061913102865219,
  "Confusion": 0.20422634603455664,
  "Contemplation": 0.04421959174796939,
  "Contempt": 0.024478861689567567,
  "Contentment": 0.06013905312865973,
  "Craving": 0.0057594881160184744,
  "Determination": 0.02816178766079247,
  "Disappointment": 0.02050425121560693,
  "Disapproval": 0.015018608537502587,
  "Disgust": 0.006024200661340728,
  "Distress": 0.012682156183291226,
  "Doubt": 0.02726753687020391,
  "Ecstasy": 0.006099135929252953,
  "Embarrassment": 0.007848540018312634,
  "Empathic Pain": 0.005633132101502269,
  "Enthusiasm": 0.023113316996023058,
  "Entrancement": 0.01978780922945589,
  "Envy": 0.004653399079688825,
  "Excitement": 0.010058517940342427,
  "Fear": 0.003932510470622219,
  "Gratitude": 0.006985216133762151,
  "Guilt": 0.0028166558273369446,
  "Horror": 0.0022411945174098946,
  "Interest": 0.06793827386572956,
  "Joy": 0.0173604967945721,
  "Love": 0.008175280867726542,
  "Nostalgia": 0.007403905561659485,
  "Pain": 0.007941951311659068,
  "Pride": 0.018790849787183105,
  "Realization": 0.039818902406841515,
  "Relief": 0.013055809593060986,
  "Romance": 0.005863306990795536,
  "Sadness": 0.007419809902785346,
  "Sarcasm": 0.01357340111862868,
  "Satisfaction": 0.05695409951731563,
  "Desire": 0.01255798265192425,
  "Shame": 0.009034561744192615,
  "Surprise (negative)": 0.031181004154495894,
  "Surprise (positive)": 0.023421150096692146,
  "Sympathy": 0.00936523723648861,
  "Tiredness": 0.03586494829505682,
  "Triumph": 0.02699641960207373
}