{
  "Admiration": 0.020166778576094658,
  "Adoration": 0.009898598244762979,
  "Aesthetic Appreciation": 0.03493900317698717,
  "Amusement": 0.030036769341677427,
  "Anger": 0.015293572100927123,
  "Annoyance": 0.07485791989602149,
  "Anxiety": 0.016780886461492627,
  "Awe": 0.0147558641678188,
  "Awkwardness": 0.044191758963279426,
  "Boredom": 0.11269730892963707,
  "Calmness": 0.11062603485770524,
  "Concentration": 0.054581774328835306,
  "Confusion": 0.18321519589517266,
  "Contemplation": 0.04346779936458915,
  "Contempt": 0.02625664700753987,
  "Contentment": 0.04300874272594228,
  "Craving": 0.006537448189192219,
  "Determination": 0.017336435342440382,
  "Disappointment": 0.0408706404035911,
  "Disapproval": 0.03077993382466957,
  "Disgust": 0.02895335925859399,
  "Distress": 0.0340205235639587,
  "Doubt": 0.029575510835275053,
  "Ecstasy": 0.00597941275627818,
  "Embarrassment": 0.008901970414444803,
  "Empathic Pain": 0.008133440581150352,
  "Enthusiasm": 0.020684482029173522,
  "Entrancement": 0.01869479543529451,
  "Envy": 0.004414305542013608,
  "Excitement": 0.010732344235293567,
  "Fear": 0.0072578273655381055,
  "Gratitude": 0.006464930395304691,
  "Guilt": 0.003172730197547935,
  "Horror": 0.004533116715901997,
  "Interest": 0.06447951614391059,
  "Joy": 0.01750883787171915,
  "Love": 0.00687696115928702,
  "Nostalgia": 0.013270899240160361,
  "Pain": 0.029302842862671243,
  "Pride": 0.008441095225862227,
  "Realization": 0.04646260761655867,
  "Relief": 0.00911501407972537,
  "Romance": 0.004996133891108911,
  "Sadness": 0.02848209414514713,
  "Sarcasm": 0.020113200298510492,
  "Satisfaction": 0.035267600999213757,
  "Desire": 0.010845632487325929,
  "Shame": 0.01138043511309661,
  "Surprise (negative)": 0.054663687758147714,
  "Surprise (positive)": 0.030464382853824645,
  "Sympathy": 0.010170630540233105,
  "Tiredness": 0.04066097403410822,
  "Triumph": 0.014796136249788105
}