{
  "Admiration": 0.028280833529424853,
  "Adoration": 0.012195539174717851,
  "Aesthetic Appreciation": 0.03567796946736053,
  "Amusement": 0.03035973641090095,
  "Anger": 0.009633018766180612,
  "Annoyance": 0.0665051221381873,
  "Anxiety": 0.008671950187999756,
  "Awe": 0.013283149784547277,
  "Awkwardness": 0.06288564836140723,
  "Boredom": 0.10372574646025896,
  "Calmness": 0.12124976608902216,
  "Concentration": 0.07391164600849151,
  "Confusion": 0.2035340360365808,
  "Contemplation": 0.04430298353545368,
  "Contempt": 0.03169450699351728,
  "Contentment": 0.054565041698515414,
  "Craving": 0.004869408748345449,
  "Determination": 0.029457323532551528,
  "Disappointment": 0.033280617510899904,
  "Disapproval": 0.028418632748071104,
  "Disgust": 0.0087854550263728,
  "Distress": 0.011962607441819272,
  "Doubt": 0.033516217046417295,
  "Ecstasy": 0.00635965701949317,
  "Embarrassment": 0.011614249947888311,
  "Empathic Pain": 0.005822081450605765,
  "Enthusiasm": 0.025331273511983454,
  "Entrancement": 0.017758792263339273,
  "Envy": 0.005512890953104943,
  "Excitement": 0.011347249406389892,
  "Fear": 0.0038708412772393785,
  "Gratitude": 0.009379813098348677,
  "Guilt": 0.0029499725729692726,
  "Horror": 0.0023062944012053775,
  "Interest": 0.0778723036404699,
  "Joy": 0.02110963927116245,
  "Love": 0.0115956471170648,
  "Nostalgia": 0.006981542767607607,
  "Pain": 0.008282558858627453,
  "Pride": 0.012781716079916804,
  "Realization": 0.040803573373705146,
  "Relief": 0.010167751443805172,
  "Romance": 0.008384429975922102,
  "Sadness": 0.01012136222270783,
  "Sarcasm": 0.024847687967121602,
  "Satisfaction": 0.04809952219948173,
  "Desire": 0.016290051018586382,
  "Shame": 0.010304356180131435,
  "Surprise (negative)": 0.04398012601886876,
  "Surprise (positive)": 0.030103082349523903,
  "Sympathy": 0.008911027875728905,
  "Tiredness": 0.02686295232269913,
  "Triumph": 0.019197810057085006
}