{
  "Admiration": 0.026127489120699465,
  "Adoration": 0.0131812809035182,
  "Aesthetic Appreciation": 0.04348804019391537,
  "Amusement": 0.026657705102115868,
  "Anger": 0.008038174599641934,
  "Annoyance": 0.04445112296380103,
  "Anxiety": 0.008193010278046132,
  "Awe": 0.014229835919104516,
  "Awkwardness": 0.0399674239102751,
  "Boredom": 0.09202284747734665,
  "Calmness": 0.10775875430554152,
  "Concentration": 0.07585088403429836,
  "Confusion": 0.198268203670159,
  "Contemplation": 0.0471845930442214,
  "Contempt": 0.02931261728517711,
  "Contentment": 0.053150811418890956,
  "Craving": 0.006185279844794422,
  "Determination": 0.027325752796605228,
  "Disappointment": 0.03356137678492814,
  "Disapproval": 0.022343000350520014,
  "Disgust": 0.011070668906904757,
  "Distress": 0.013813879425288177,
  "Doubt": 0.025983166717924177,
  "Ecstasy": 0.006546538363909349,
  "Embarrassment": 0.009536296187434345,
  "Empathic Pain": 0.009051842853659764,
  "Enthusiasm": 0.01985190245322883,
  "Entrancement": 0.022192813665606083,
  "Envy": 0.005382866965373978,
  "Excitement": 0.008437291067093611,
  "Fear": 0.0034549836840596982,
  "Gratitude": 0.008938141685212031,
  "Guilt": 0.0034189746045740323,
  "Horror": 0.002144701688666828,
  "Interest": 0.060748744383454324,
  "Joy": 0.018429111584555357,
  "Love": 0.013846448218100705,
  "Nostalgia": 0.012375940405763685,
  "Pain": 0.014349988978938199,
  "Pride": 0.02708546151407063,
  "Realization": 0.03953087734989822,
  "Relief": 0.013085792015772313,
  "Romance": 0.008553410768945469,
  "Sadness": 0.0183027163031511,
  "Sarcasm": 0.020926520228385925,
  "Satisfaction": 0.05065050576813519,
  "Desire": 0.01233144941215869,
  "Shame": 0.012824639002792538,
  "Surprise (negative)": 0.034807166433893144,
  "Surprise (positive)": 0.022247444815002383,
  "Sympathy": 0.0139917773893103,
  "Tiredness": 0.035650423681363466,
  "Triumph": 0.02835804889909923
}