{
  "Admiration": 0.0320804702816531,
  "Adoration": 0.01770789393922314,
  "Aesthetic Appreciation": 0.050009447638876735,
  "Amusement": 0.028919290704652666,
  "Anger": 0.00875327621906763,
  "Annoyance": 0.043235144461505115,
  "Anxiety": 0.00585991520783864,
  "Awe": 0.026529522659257055,
  "Awkwardness": 0.0445062157115899,
  "Boredom": 0.08023170121014118,
  "Calmness": 0.13440159074962138,
  "Concentration": 0.03863354581408203,
  "Confusion": 0.1993876680266112,
  "Contemplation": 0.04182017194107175,
  "Contempt": 0.022475090762600302,
  "Contentment": 0.06367563297972083,
  "Craving": 0.005394428386352956,
  "Determination": 0.012242459901608526,
  "Disappointment": 0.025694458518410103,
  "Disapproval": 0.015516337152803317,
  "Disgust": 0.006105587602360174,
  "Distress": 0.009055119118420408,
  "Doubt": 0.024679101118817926,
  "Ecstasy": 0.008627591433469205,
  "Embarrassment": 0.009673794312402607,
  "Empathic Pain": 0.006728085153736174,
  "Enthusiasm": 0.021712268330156805,
  "Entrancement": 0.02555359185207635,
  "Envy": 0.005382658005692065,
  "Excitement": 0.010977430897764862,
  "Fear": 0.002667942497646436,
  "Gratitude": 0.012893184996210038,
  "Guilt": 0.0028601020036148838,
  "Horror": 0.0022172856373799733,
  "Interest": 0.054022475332021716,
  "Joy": 0.030896613886579872,
  "Love": 0.019532097282353788,
  "Nostalgia": 0.01077326477970928,
  "Pain": 0.008106697670882568,
  "Pride": 0.014678422431461512,
  "Realization": 0.03965601418167353,
  "Relief": 0.012284815486054868,
  "Romance": 0.00844748004747089,
  "Sadness": 0.012129236868349835,
  "Sarcasm": 0.019936958770267667,
  "Satisfaction": 0.049903178308159116,
  "Desire": 0.010161835083272308,
  "Shame": 0.010475605601095594,
  "Surprise (negative)": 0.04020944830263033,
  "Surprise (positive)": 0.029006078373640776,
  "Sympathy": 0.011389875016175211,
  "Tiredness": 0.026025191554799675,
  "Triumph": 0.021489218063652515
}