{
  "Admiration": 0.023751861311029642,
  "Adoration": 0.012207902065711096,
  "Aesthetic Appreciation": 0.04035863756434992,
  "Amusement": 0.02331754397600889,
  "Anger": 0.007657728419872001,
  "Annoyance": 0.04289426989853382,
  "Anxiety": 0.012367698631715029,
  "Awe": 0.011300172872142866,
  "Awkwardness": 0.045915932208299634,
  "Boredom": 0.10446326853707433,
  "Calmness": 0.11364000774919987,
  "Concentration": 0.05963062359951436,
  "Confusion": 0.19441338162869215,
  "Contemplation": 0.04727461850270629,
  "Contempt": 0.025055243447422982,
  "Contentment": 0.04884099895134568,
  "Craving": 0.006856010248884559,
  "Determination": 0.04814653163775802,
  "Disappointment": 0.02982649498153478,
  "Disapproval": 0.02083063954487443,
  "Disgust": 0.0069484892854234205,
  "Distress": 0.0181662319926545,
  "Doubt": 0.029343545157462358,
  "Ecstasy": 0.006037452659802512,
  "Embarrassment": 0.007283000036841259,
  "Empathic Pain": 0.009366960776969791,
  "Enthusiasm": 0.031374063133262096,
  "Entrancement": 0.018198963219765572,
  "Envy": 0.004700713484635344,
  "Excitement": 0.01258417583303526,
  "Fear": 0.005399870986002498,
  "Gratitude": 0.009334879484958947,
  "Guilt": 0.0030667285638628526,
  "Horror": 0.0021547755284700544,
  "Interest": 0.064093016134575,
  "Joy": 0.01857883532065898,
  "Love": 0.011688343819696457,
  "Nostalgia": 0.01071713954443112,
  "Pain": 0.018899043294368312,
  "Pride": 0.012940111273201183,
  "Realization": 0.03905522022396326,
  "Relief": 0.014046582486480474,
  "Romance": 0.007775920769199729,
  "Sadness": 0.016723770118551327,
  "Sarcasm": 0.018960087606683374,
  "Satisfaction": 0.04112309976480901,
  "Desire": 0.011947828528354876,
  "Shame": 0.009392875351477415,
  "Surprise (negative)": 0.036445522168651226,
  "Surprise (positive)": 0.022940308204852045,
  "Sympathy": 0.01457171783549711,
  "Tiredness": 0.0551035565789789,
  "Triumph": 0.027092112065292894
}