{
  "Admiration": 0.01798429056070745,
  "Adoration": 0.00809734869399108,
  "Aesthetic Appreciation": 0.03331582867540419,
  "Amusement": 0.024483931926079096,
  "Anger": 0.009288029614253901,
  "Annoyance": 0.05260192211717367,
  "Anxiety": 0.009533104562433437,
  "Awe": 0.0114654051954858,
  "Awkwardness": 0.0497030665166676,
  "Boredom": 0.10799900004640221,
  "Calmness": 0.1045872788876295,
  "Concentration": 0.05761146466247737,
  "Confusion": 0.20407569068484008,
  "Contemplation": 0.0702774373581633,
  "Contempt": 0.03236374673433602,
  "Contentment": 0.04175168741494417,
  "Craving": 0.0050412588403560225,
  "Determination": 0.023565562651492657,
  "Disappointment": 0.030474413582123817,
  "Disapproval": 0.027326481975615026,
  "Disgust": 0.010107656964100898,
  "Distress": 0.019428910652641206,
  "Doubt": 0.041486910416278985,
  "Ecstasy": 0.004106626090651844,
  "Embarrassment": 0.009804595727473497,
  "Empathic Pain": 0.008820809901226311,
  "Enthusiasm": 0.015367993933614344,
  "Entrancement": 0.01884999414905906,
  "Envy": 0.004720984830055386,
  "Excitement": 0.006366503681056202,
  "Fear": 0.006864376872545108,
  "Gratitude": 0.009944985675974748,
  "Guilt": 0.0034932528564240784,
  "Horror": 0.005413275154569419,
  "Interest": 0.06303205820731819,
  "Joy": 0.012086560454918072,
  "Love": 0.007958178799890447,
  "Nostalgia": 0.006043062329990789,
  "Pain": 0.018877185945166276,
  "Pride": 0.013324363075662404,
  "Realization": 0.05652957083657384,
  "Relief": 0.009398662019520998,
  "Romance": 0.005415565033399616,
  "Sadness": 0.015850105229765175,
  "Sarcasm": 0.029256833204999565,
  "Satisfaction": 0.03822465019766241,
  "Desire": 0.011062756273167907,
  "Shame": 0.012727859197184443,
  "Surprise (negative)": 0.04293828441295773,
  "Surprise (positive)": 0.02647279391530901,
  "Sympathy": 0.010431708663236349,
  "Tiredness": 0.04230575597612187,
  "Triumph": 0.017448759998660534
}