{
  "Admiration": 0.01984327069367282,
  "Adoration": 0.008526455628452823,
  "Aesthetic Appreciation": 0.03440840404946357,
  "Amusement": 0.02643318041227758,
  "Anger": 0.00931553851114586,
  "Annoyance": 0.055347578157670795,
  "Anxiety": 0.006302338605746627,
  "Awe": 0.010419556981651113,
  "Awkwardness": 0.052093111304566266,
  "Boredom": 0.10333756152540445,
  "Calmness": 0.1229121414013207,
  "Concentration": 0.0553452096413821,
  "Confusion": 0.23410225370898843,
  "Contemplation": 0.05098640038631856,
  "Contempt": 0.02815327327698469,
  "Contentment": 0.046328090410679576,
  "Craving": 0.0037795475640450605,
  "Determination": 0.02421772563830018,
  "Disappointment": 0.02999067514901981,
  "Disapproval": 0.026353433076292277,
  "Disgust": 0.01356521740090102,
  "Distress": 0.011293436330743135,
  "Doubt": 0.03771145585924387,
  "Ecstasy": 0.004770466979243793,
  "Embarrassment": 0.009090927190845833,
  "Empathic Pain": 0.005771425203420222,
  "Enthusiasm": 0.021511447126977147,
  "Entrancement": 0.01629898017272353,
  "Envy": 0.004776068174396642,
  "Excitement": 0.009207367067574523,
  "Fear": 0.002932436901028268,
  "Gratitude": 0.006649043654033448,
  "Guilt": 0.002816723288560752,
  "Horror": 0.002567110471863998,
  "Interest": 0.06851289472542703,
  "Joy": 0.016266710354830138,
  "Love": 0.006632242174237035,
  "Nostalgia": 0.004885646229377016,
  "Pain": 0.008932636272220407,
  "Pride": 0.012990590138360857,
  "Realization": 0.042805467080324885,
  "Relief": 0.008597781090065837,
  "Romance": 0.004643331246916205,
  "Sadness": 0.008986488249502145,
  "Sarcasm": 0.021452684421092272,
  "Satisfaction": 0.04108912406954914,
  "Desire": 0.009814039568300358,
  "Shame": 0.010420469439122827,
  "Surprise (negative)": 0.0476121973595582,
  "Surprise (positive)": 0.02700160404201597,
  "Sympathy": 0.009326658048667013,
  "Tiredness": 0.02712979989591986,
  "Triumph": 0.019458410143852235
}