{
  "Admiration": 0.02201358040329069,
  "Adoration": 0.012481763213872909,
  "Aesthetic Appreciation": 0.03736040734220296,
  "Amusement": 0.03518941160291433,
  "Anger": 0.008810395453474484,
  "Annoyance": 0.05655816625803709,
  "Anxiety": 0.007554687192896381,
  "Awe": 0.011007265304215252,
  "Awkwardness": 0.05255302013829351,
  "Boredom": 0.11660833545029163,
  "Calmness": 0.14609888140112162,
  "Concentration": 0.047907724394463,
  "Confusion": 0.1673221169039607,
  "Contemplation": 0.0567220414057374,
  "Contempt": 0.033040785370394586,
  "Contentment": 0.0484730152413249,
  "Craving": 0.006444592600746546,
  "Determination": 0.024198811198584736,
  "Disappointment": 0.03866573232226074,
  "Disapproval": 0.02862808998906985,
  "Disgust": 0.007984288714942523,
  "Distress": 0.011314525897614659,
  "Doubt": 0.03122204393148422,
  "Ecstasy": 0.005119677475886419,
  "Embarrassment": 0.010027563304174692,
  "Empathic Pain": 0.008935888635460288,
  "Enthusiasm": 0.019306317484006286,
  "Entrancement": 0.01931835329160094,
  "Envy": 0.005165150156244636,
  "Excitement": 0.008949454018147663,
  "Fear": 0.0035735344732529483,
  "Gratitude": 0.008706012368202209,
  "Guilt": 0.003792493441142142,
  "Horror": 0.001971782600594452,
  "Interest": 0.06383143356069923,
  "Joy": 0.018356817145831882,
  "Love": 0.0120380697917426,
  "Nostalgia": 0.010832932405173778,
  "Pain": 0.009947790950536727,
  "Pride": 0.010017445974517614,
  "Realization": 0.0589662195648998,
  "Relief": 0.013721422851085662,
  "Romance": 0.010162285776459612,
  "Sadness": 0.016862845188006757,
  "Sarcasm": 0.03254286379087716,
  "Satisfaction": 0.04107534075155854,
  "Desire": 0.018709670228417963,
  "Shame": 0.012052022817078978,
  "Surprise (negative)": 0.03320172964595258,
  "Surprise (positive)": 0.028387958649545908,
  "Sympathy": 0.01363618647446856,
  "Tiredness": 0.029269146895967425,
  "Triumph": 0.018739213165827096
}