{
  "Admiration": 0.018928926275111734,
  "Adoration": 0.010489810712169857,
  "Aesthetic Appreciation": 0.03662768958602101,
  "Amusement": 0.028439040575176478,
  "Anger": 0.009239927233284106,
  "Annoyance": 0.048239425662904976,
  "Anxiety": 0.009930107614491136,
  "Awe": 0.01198515720316209,
  "Awkwardness": 0.04694217247888446,
  "Boredom": 0.10024367272853851,
  "Calmness": 0.13254083842039108,
  "Concentration": 0.07360523617826402,
  "Confusion": 0.16309232879430055,
  "Contemplation": 0.07120707230642438,
  "Contempt": 0.027086300123482943,
  "Contentment": 0.05662327804602683,
  "Craving": 0.006491704453947022,
  "Determination": 0.031056082516442984,
  "Disappointment": 0.02574872552067973,
  "Disapproval": 0.02073473480413668,
  "Disgust": 0.008878132997779176,
  "Distress": 0.0183575189759722,
  "Doubt": 0.02890387752559036,
  "Ecstasy": 0.006495388505572919,
  "Embarrassment": 0.009811330196680502,
  "Empathic Pain": 0.009307367145083845,
  "Enthusiasm": 0.019718239386565983,
  "Entrancement": 0.019759842962957918,
  "Envy": 0.0047690963838249445,
  "Excitement": 0.009353009704500436,
  "Fear": 0.005399140882946085,
  "Gratitude": 0.0076558946166187525,
  "Guilt": 0.004184702102793381,
  "Horror": 0.003540447276463965,
  "Interest": 0.07364507354795932,
  "Joy": 0.018232812621863558,
  "Love": 0.012022614575107582,
  "Nostalgia": 0.009718304529087618,
  "Pain": 0.013920906197745353,
  "Pride": 0.012859020777978004,
  "Realization": 0.04458200205117464,
  "Relief": 0.011689964798279107,
  "Romance": 0.007647443399764598,
  "Sadness": 0.015330240153707564,
  "Sarcasm": 0.023478357726708053,
  "Satisfaction": 0.04540379180107266,
  "Desire": 0.012845785851823166,
  "Shame": 0.01216381230042316,
  "Surprise (negative)": 0.03466580946114846,
  "Surprise (positive)": 0.0230258846655488,
  "Sympathy": 0.012854099832475185,
  "Tiredness": 0.03767535490915179,
  "Triumph": 0.019733279896900057
}