{
  "Admiration": 0.02551885601715185,
  "Adoration": 0.01842656158551108,
  "Aesthetic Appreciation": 0.05340370325720869,
  "Amusement": 0.026657492364756764,
  "Anger": 0.015290600387379527,
  "Annoyance": 0.046193740807939324,
  "Anxiety": 0.012158255488611758,
  "Awe": 0.016251674882369116,
  "Awkwardness": 0.043931062496267256,
  "Boredom": 0.07109877972397953,
  "Calmness": 0.1193595476448536,
  "Concentration": 0.044348235987126824,
  "Confusion": 0.18691006498411297,
  "Contemplation": 0.07288340888917447,
  "Contempt": 0.02866534637287259,
  "Contentment": 0.06641513300128281,
  "Craving": 0.00783915241190698,
  "Determination": 0.028432648489251734,
  "Disappointment": 0.024004685785621406,
  "Disapproval": 0.023925126407993956,
  "Disgust": 0.011052134435158224,
  "Distress": 0.019782867352478205,
  "Doubt": 0.035000065620988605,
  "Ecstasy": 0.013864390045637266,
  "Embarrassment": 0.009597535926150157,
  "Empathic Pain": 0.01131980367936194,
  "Enthusiasm": 0.02525755319511518,
  "Entrancement": 0.025001660117413848,
  "Envy": 0.004178525082534179,
  "Excitement": 0.012489224469754845,
  "Fear": 0.008811567927477882,
  "Gratitude": 0.014840531576192006,
  "Guilt": 0.004551185353193432,
  "Horror": 0.005954626268066932,
  "Interest": 0.059076727274805306,
  "Joy": 0.028141541220247746,
  "Love": 0.015511467115720734,
  "Nostalgia": 0.010778391221538185,
  "Pain": 0.01208114368491806,
  "Pride": 0.013540829857811331,
  "Realization": 0.05047170789912343,
  "Relief": 0.014639124856330454,
  "Romance": 0.00724199898832012,
  "Sadness": 0.013612468203064054,
  "Sarcasm": 0.031852403981611134,
  "Satisfaction": 0.060761689697392283,
  "Desire": 0.012751197206671349,
  "Shame": 0.012918232055380941,
  "Surprise (negative)": 0.04580718500073999,
  "Surprise (positive)": 0.024071957007981835,
  "Sympathy": 0.01845434933202341,
  "Tiredness": 0.02714456965913996,
  "Triumph": 0.02238467598799616
}