{
  "Admiration": 0.01988455674145371,
  "Adoration": 0.008074345169006847,
  "Aesthetic Appreciation": 0.03116691797040403,
  "Amusement": 0.01980644284049049,
  "Anger": 0.005406780494377017,
  "Annoyance": 0.039064280595630406,
  "Anxiety": 0.0059718825272284445,
  "Awe": 0.011972615291597322,
  "Awkwardness": 0.03811273963656277,
  "Boredom": 0.12091027284041048,
  "Calmness": 0.15154243726283312,
  "Concentration": 0.06333969412371517,
  "Confusion": 0.18116944311186672,
  "Contemplation": 0.09182070596143603,
  "Contempt": 0.02849591984413564,
  "Contentment": 0.05762149794027209,
  "Craving": 0.00512749141198583,
  "Determination": 0.02513442256022245,
  "Disappointment": 0.022925724426750095,
  "Disapproval": 0.016992373496759684,
  "Disgust": 0.0052463030209764835,
  "Distress": 0.00763283422566019,
  "Doubt": 0.033256769995205104,
  "Ecstasy": 0.0046734689123695715,
  "Embarrassment": 0.006969602350727655,
  "Empathic Pain": 0.005337981425691396,
  "Enthusiasm": 0.01691208875272423,
  "Entrancement": 0.017384152696467935,
  "Envy": 0.004771187232108787,
  "Excitement": 0.0075842868420295416,
  "Fear": 0.002765232091769576,
  "Gratitude": 0.007982699014246464,
  "Guilt": 0.0027580718538956716,
  "Horror": 0.001520050102408277,
  "Interest": 0.052124669495970014,
  "Joy": 0.01375282887602225,
  "Love": 0.006450083560775965,
  "Nostalgia": 0.015835219935979694,
  "Pain": 0.00633803061209619,
  "Pride": 0.015482335595879703,
  "Realization": 0.06813638499006629,
  "Relief": 0.012222978705540299,
  "Romance": 0.004205210729560349,
  "Sadness": 0.010580396594014019,
  "Sarcasm": 0.018109295098111034,
  "Satisfaction": 0.045586263108998534,
  "Desire": 0.007492077154893195,
  "Shame": 0.009274677612120285,
  "Surprise (negative)": 0.028718784102238715,
  "Surprise (positive)": 0.022841023397631943,
  "Sympathy": 0.008327362721320241,
  "Tiredness": 0.04580995538271963,
  "Triumph": 0.02306599742732942
}