{
  "Admiration": 0.014922072977060451,
  "Adoration": 0.008143175087752752,
  "Aesthetic Appreciation": 0.03387474975315854,
  "Amusement": 0.03464406954590231,
  "Anger": 0.00768382178794127,
  "Annoyance": 0.057269830745644866,
  "Anxiety": 0.008747877029236406,
  "Awe": 0.009310537576675415,
  "Awkwardness": 0.05847889250144363,
  "Boredom": 0.10358766964636743,
  "Calmness": 0.1120894517749548,
  "Concentration": 0.06709681823849678,
  "Confusion": 0.2067377582192421,
  "Contemplation": 0.0492975952103734,
  "Contempt": 0.02933096094056964,
  "Contentment": 0.04993546265177429,
  "Craving": 0.007747268510865979,
  "Determination": 0.032532118796370926,
  "Disappointment": 0.035494089126586914,
  "Disapproval": 0.025622313260100782,
  "Disgust": 0.01080423638341017,
  "Distress": 0.019503605354111643,
  "Doubt": 0.031899138155858965,
  "Ecstasy": 0.007024284085491672,
  "Embarrassment": 0.013880762370536103,
  "Empathic Pain": 0.010919464286416769,
  "Enthusiasm": 0.02003313578898087,
  "Entrancement": 0.01838494068942964,
  "Envy": 0.003911400682409294,
  "Excitement": 0.009818140551215038,
  "Fear": 0.004023945401422679,
  "Gratitude": 0.009580094704870135,
  "Guilt": 0.00484448088973295,
  "Horror": 0.0032132848304172513,
  "Interest": 0.05353418029844761,
  "Joy": 0.01629710856359452,
  "Love": 0.008464078285032883,
  "Nostalgia": 0.007060227449983358,
  "Pain": 0.030709350129473022,
  "Pride": 0.010921698180027306,
  "Realization": 0.049493350880220534,
  "Relief": 0.01728763692663051,
  "Romance": 0.005789992495556362,
  "Sadness": 0.020619934727437794,
  "Sarcasm": 0.03329952929634601,
  "Satisfaction": 0.05288180708885193,
  "Desire": 0.01301135515095666,
  "Shame": 0.01426677374402061,
  "Surprise (negative)": 0.04902173292357474,
  "Surprise (positive)": 0.0286480629700236,
  "Sympathy": 0.010819810663815588,
  "Tiredness": 0.035152577608823773,
  "Triumph": 0.023212862550280988
}