{
  "Admiration": 0.02134455898194574,
  "Adoration": 0.011033484520157798,
  "Aesthetic Appreciation": 0.02680931449867785,
  "Amusement": 0.02005612188950181,
  "Anger": 0.012800779135432094,
  "Annoyance": 0.06232332605868578,
  "Anxiety": 0.013125467987265438,
  "Awe": 0.01038804620038718,
  "Awkwardness": 0.04527557576075196,
  "Boredom": 0.1115908526815474,
  "Calmness": 0.12479464979842306,
  "Concentration": 0.044923127023503186,
  "Confusion": 0.13223298448137938,
  "Contemplation": 0.08666920429095626,
  "Contempt": 0.03725014990195632,
  "Contentment": 0.04528650599531829,
  "Craving": 0.007678702244447777,
  "Determination": 0.02535273178946227,
  "Disappointment": 0.05225736848078668,
  "Disapproval": 0.03526036564726383,
  "Disgust": 0.01728290688479319,
  "Distress": 0.02272136932006106,
  "Doubt": 0.03205096418969333,
  "Ecstasy": 0.004627759786671959,
  "Embarrassment": 0.010601082677021622,
  "Empathic Pain": 0.009251368738478049,
  "Enthusiasm": 0.021402701787883414,
  "Entrancement": 0.017925654293503613,
  "Envy": 0.005484137643361464,
  "Excitement": 0.009954228447168135,
  "Fear": 0.0059923673892626535,
  "Gratitude": 0.007470096554607153,
  "Guilt": 0.004519382218131795,
  "Horror": 0.003260718783712946,
  "Interest": 0.06091448238585144,
  "Joy": 0.01431624194374308,
  "Love": 0.015883903345093132,
  "Nostalgia": 0.016020280538941733,
  "Pain": 0.02006030675256625,
  "Pride": 0.012388424621894956,
  "Realization": 0.05956665771082044,
  "Relief": 0.010545841464772821,
  "Romance": 0.012503775295044761,
  "Sadness": 0.039078593562589956,
  "Sarcasm": 0.023044473398476838,
  "Satisfaction": 0.03876074275467545,
  "Desire": 0.013461590063525364,
  "Shame": 0.016924941242905334,
  "Surprise (negative)": 0.033326786709949374,
  "Surprise (positive)": 0.021235018130391838,
  "Sympathy": 0.011449789232574403,
  "Tiredness": 0.05698954816907644,
  "Triumph": 0.019101023237453774
}