{
  "Admiration": 0.022443694295361638,
  "Adoration": 0.02056505898362957,
  "Aesthetic Appreciation": 0.04117256077006459,
  "Amusement": 0.030166304623708128,
  "Anger": 0.006668827561952639,
  "Annoyance": 0.04850166460964829,
  "Anxiety": 0.007421314297243953,
  "Awe": 0.013430886215064674,
  "Awkwardness": 0.05338841767515987,
  "Boredom": 0.11187401770148427,
  "Calmness": 0.14032722637057304,
  "Concentration": 0.05212536142207682,
  "Confusion": 0.18732502373168244,
  "Contemplation": 0.039278981555253265,
  "Contempt": 0.02443217453546822,
  "Contentment": 0.05698400316759944,
  "Craving": 0.003949758477392607,
  "Determination": 0.0185343679971993,
  "Disappointment": 0.028612411313224582,
  "Disapproval": 0.023605020536342634,
  "Disgust": 0.007620698153914418,
  "Distress": 0.010687925876118243,
  "Doubt": 0.02516196625074372,
  "Ecstasy": 0.0075121917441720145,
  "Embarrassment": 0.011931589429150336,
  "Empathic Pain": 0.006786053196992725,
  "Enthusiasm": 0.02297733931336552,
  "Entrancement": 0.020524773455690593,
  "Envy": 0.00401202438515611,
  "Excitement": 0.012840929988306016,
  "Fear": 0.0036978879375965334,
  "Gratitude": 0.010342968348413705,
  "Guilt": 0.0031413665477884934,
  "Horror": 0.0027986637454887387,
  "Interest": 0.058590431790798904,
  "Joy": 0.02907930003711954,
  "Love": 0.03790037902945187,
  "Nostalgia": 0.00890080666868016,
  "Pain": 0.008003129393910059,
  "Pride": 0.017034541757311672,
  "Realization": 0.03965846579521894,
  "Relief": 0.011475354351568967,
  "Romance": 0.006820661079837009,
  "Sadness": 0.010161020909436047,
  "Sarcasm": 0.019622776994947345,
  "Satisfaction": 0.0458636736497283,
  "Desire": 0.011965561521355994,
  "Shame": 0.011567808949621394,
  "Surprise (negative)": 0.04505580158438534,
  "Surprise (positive)": 0.027392329019494354,
  "Sympathy": 0.010541130346246064,
  "Tiredness": 0.03178179888054729,
  "Triumph": 0.020420223951805382
}