{
  "Admiration": 0.02322762745898217,
  "Adoration": 0.012730503664352,
  "Aesthetic Appreciation": 0.036639728234149516,
  "Amusement": 0.022660321788862348,
  "Anger": 0.01089745930803474,
  "Annoyance": 0.05402135530021042,
  "Anxiety": 0.009637170890346169,
  "Awe": 0.014461065171053633,
  "Awkwardness": 0.04272956503555179,
  "Boredom": 0.08848028779029846,
  "Calmness": 0.13951851092278958,
  "Concentration": 0.05450417608954013,
  "Confusion": 0.15170984119176864,
  "Contemplation": 0.07077745164278895,
  "Contempt": 0.02780255600810051,
  "Contentment": 0.06048457995057106,
  "Craving": 0.008643864712212235,
  "Determination": 0.03782597341341898,
  "Disappointment": 0.028357233735732734,
  "Disapproval": 0.024076084280386566,
  "Disgust": 0.010354336514137686,
  "Distress": 0.016142372478498146,
  "Doubt": 0.029440025752410292,
  "Ecstasy": 0.006383058527717367,
  "Embarrassment": 0.008739877489279024,
  "Empathic Pain": 0.007418090186547488,
  "Enthusiasm": 0.021438075066544115,
  "Entrancement": 0.022606495930813254,
  "Envy": 0.005179160489933565,
  "Excitement": 0.01085940629709512,
  "Fear": 0.0046601714391727,
  "Gratitude": 0.012041686434531584,
  "Guilt": 0.003662914200685918,
  "Horror": 0.0026911386492429303,
  "Interest": 0.05997527879662812,
  "Joy": 0.020355909201316535,
  "Love": 0.011845492984866724,
  "Nostalgia": 0.015721191474585793,
  "Pain": 0.012250944582046942,
  "Pride": 0.014152196608483792,
  "Realization": 0.05822052853181958,
  "Relief": 0.01886096748057753,
  "Romance": 0.008074322732863948,
  "Sadness": 0.01593859202112071,
  "Sarcasm": 0.018817867268808186,
  "Satisfaction": 0.05533782867714763,
  "Desire": 0.012891178368590772,
  "Shame": 0.011054169607814402,
  "Surprise (negative)": 0.03783355229534209,
  "Surprise (positive)": 0.0279149669688195,
  "Sympathy": 0.011176999763119966,
  "Tiredness": 0.028540129447355865,
  "Triumph": 0.024040751764550804
}