{
  "Admiration": 0.0306947331642732,
  "Adoration": 0.013711925747338682,
  "Aesthetic Appreciation": 0.039471712056547405,
  "Amusement": 0.029836519388481975,
  "Anger": 0.01154244115750771,
  "Annoyance": 0.05517951948568225,
  "Anxiety": 0.006871238822350278,
  "Awe": 0.016813649435061962,
  "Awkwardness": 0.04842389696277678,
  "Boredom": 0.09819288356229663,
  "Calmness": 0.11263802312314511,
  "Concentration": 0.055094489303883165,
  "Confusion": 0.17585511719807984,
  "Contemplation": 0.04803349594585597,
  "Contempt": 0.03361054817214608,
  "Contentment": 0.05310861179605127,
  "Craving": 0.0050419436360243704,
  "Determination": 0.022041958244517445,
  "Disappointment": 0.037125723634380846,
  "Disapproval": 0.03538619013270363,
  "Disgust": 0.026632821359089575,
  "Distress": 0.014424786693416536,
  "Doubt": 0.024162181350402535,
  "Ecstasy": 0.00614239860442467,
  "Embarrassment": 0.014944495423696936,
  "Empathic Pain": 0.006699911289615557,
  "Enthusiasm": 0.02096534778829664,
  "Entrancement": 0.020139256468974055,
  "Envy": 0.006003560445969924,
  "Excitement": 0.008816823456436395,
  "Fear": 0.003563452826347202,
  "Gratitude": 0.009817848925013094,
  "Guilt": 0.004709220376389567,
  "Horror": 0.004795899979944807,
  "Interest": 0.051259811385534704,
  "Joy": 0.01957241736818105,
  "Love": 0.009850402901065536,
  "Nostalgia": 0.015341257705586031,
  "Pain": 0.014942268800223247,
  "Pride": 0.017262213816866278,
  "Realization": 0.0562339230440557,
  "Relief": 0.013296201487537473,
  "Romance": 0.006029662449145689,
  "Sadness": 0.01793481774511747,
  "Sarcasm": 0.02132773883640766,
  "Satisfaction": 0.06110083172097802,
  "Desire": 0.0099024521841784,
  "Shame": 0.017069761105813087,
  "Surprise (negative)": 0.05095299357781187,
  "Surprise (positive)": 0.03260881782043725,
  "Sympathy": 0.009024439862696455,
  "Tiredness": 0.029245026968419553,
  "Triumph": 0.03308856658404693
}