{
  "Admiration": 0.015541867585852742,
  "Adoration": 0.009310154907871038,
  "Aesthetic Appreciation": 0.02687933058477938,
  "Amusement": 0.026651693880558013,
  "Anger": 0.011559753425535746,
  "Annoyance": 0.05249822766054422,
  "Anxiety": 0.008751047588884831,
  "Awe": 0.009649283584440126,
  "Awkwardness": 0.046767301531508564,
  "Boredom": 0.10043490966781973,
  "Calmness": 0.15749478358775376,
  "Concentration": 0.054712554742582145,
  "Confusion": 0.1709280690178275,
  "Contemplation": 0.05234638373367488,
  "Contempt": 0.030681607080623507,
  "Contentment": 0.08024521763436496,
  "Craving": 0.005979300197213888,
  "Determination": 0.034767219540663065,
  "Disappointment": 0.03223265939741395,
  "Disapproval": 0.022089013090590016,
  "Disgust": 0.006918842982850037,
  "Distress": 0.012420172820566223,
  "Doubt": 0.03061902093468234,
  "Ecstasy": 0.005266727053094655,
  "Embarrassment": 0.010783517840900458,
  "Empathic Pain": 0.009101997100515291,
  "Enthusiasm": 0.02617521267384291,
  "Entrancement": 0.014283287397120148,
  "Envy": 0.0040496492583770305,
  "Excitement": 0.012414225534303113,
  "Fear": 0.003337953146547079,
  "Gratitude": 0.016802568914135917,
  "Guilt": 0.005101515674323309,
  "Horror": 0.0016951274221355562,
  "Interest": 0.05850092836190015,
  "Joy": 0.019960010331124066,
  "Love": 0.011986097623594105,
  "Nostalgia": 0.015358005443704314,
  "Pain": 0.012956045762985013,
  "Pride": 0.012718198500806466,
  "Realization": 0.04846747578121722,
  "Relief": 0.02746666658204049,
  "Romance": 0.005140892528288532,
  "Sadness": 0.01762231575266924,
  "Sarcasm": 0.02616029739147052,
  "Satisfaction": 0.0641821111086756,
  "Desire": 0.00755398229957791,
  "Shame": 0.01331555852375459,
  "Surprise (negative)": 0.03747982436325401,
  "Surprise (positive)": 0.02546021672897041,
  "Sympathy": 0.01367785363108851,
  "Tiredness": 0.035915212519466874,
  "Triumph": 0.022952788788825274
}