{
  "Admiration": 0.018823057820554823,
  "Adoration": 0.01035978717263788,
  "Aesthetic Appreciation": 0.037827342515811324,
  "Amusement": 0.027361060213297605,
  "Anger": 0.009423358383355663,
  "Annoyance": 0.05387105704285204,
  "Anxiety": 0.008022274554241449,
  "Awe": 0.012111171428114176,
  "Awkwardness": 0.0496219631517306,
  "Boredom": 0.11074062678962945,
  "Calmness": 0.1454993626102805,
  "Concentration": 0.05594857558608055,
  "Confusion": 0.19424443589523435,
  "Contemplation": 0.0878353737294674,
  "Contempt": 0.03016522959806025,
  "Contentment": 0.05737812570296228,
  "Craving": 0.00456991481478326,
  "Determination": 0.02017788732191548,
  "Disappointment": 0.033539284067228434,
  "Disapproval": 0.026879733114037664,
  "Disgust": 0.007785039552254602,
  "Distress": 0.011913635928067379,
  "Doubt": 0.030805738735944034,
  "Ecstasy": 0.0049486666961456646,
  "Embarrassment": 0.009232909308047965,
  "Empathic Pain": 0.008552534226328134,
  "Enthusiasm": 0.018376252707093955,
  "Entrancement": 0.01761839893879369,
  "Envy": 0.004296508064726368,
  "Excitement": 0.007960580085637048,
  "Fear": 0.0037455633078934624,
  "Gratitude": 0.007759574637748301,
  "Guilt": 0.0032643646525684746,
  "Horror": 0.0021301317483448656,
  "Interest": 0.0673267056234181,
  "Joy": 0.018601090303855018,
  "Love": 0.008535474020754918,
  "Nostalgia": 0.01164018560666591,
  "Pain": 0.009073270426597446,
  "Pride": 0.012932128366082906,
  "Realization": 0.0525427421554923,
  "Relief": 0.010601674928329885,
  "Romance": 0.0050813279754947874,
  "Sadness": 0.013884058181429283,
  "Sarcasm": 0.02411642172373831,
  "Satisfaction": 0.044002707861363885,
  "Desire": 0.007997809610606055,
  "Shame": 0.01083986572921276,
  "Surprise (negative)": 0.03550009282771498,
  "Surprise (positive)": 0.022021189075894655,
  "Sympathy": 0.01203937215032056,
  "Tiredness": 0.03204346718266606,
  "Triumph": 0.016993532376363873
}