{
  "Admiration": 0.028466567385476083,
  "Adoration": 0.015163152071181685,
  "Aesthetic Appreciation": 0.05204624943435192,
  "Amusement": 0.03445236189290881,
  "Anger": 0.006428405005135573,
  "Annoyance": 0.040551352268084886,
  "Anxiety": 0.006699641555314884,
  "Awe": 0.015597651217831299,
  "Awkwardness": 0.039976569497957824,
  "Boredom": 0.09710120782256126,
  "Calmness": 0.1268293945118785,
  "Concentration": 0.060663671349175274,
  "Confusion": 0.1671284595504403,
  "Contemplation": 0.07616042515728623,
  "Contempt": 0.025871411664411426,
  "Contentment": 0.05448716266546398,
  "Craving": 0.009343102655839175,
  "Determination": 0.02399110354017466,
  "Disappointment": 0.02294818473747,
  "Disapproval": 0.016718363377731294,
  "Disgust": 0.0075388767087133605,
  "Distress": 0.010582679440267384,
  "Doubt": 0.025695629080291837,
  "Ecstasy": 0.008367133719730191,
  "Embarrassment": 0.007139515178278088,
  "Empathic Pain": 0.007321978406980634,
  "Enthusiasm": 0.024692485667765142,
  "Entrancement": 0.024886592535767704,
  "Envy": 0.005922975152498111,
  "Excitement": 0.01467528574867174,
  "Fear": 0.0027359157567843793,
  "Gratitude": 0.009461700945394114,
  "Guilt": 0.0026563054299913345,
  "Horror": 0.001530339679447934,
  "Interest": 0.06905627688392997,
  "Joy": 0.024501990986755116,
  "Love": 0.010660674690734595,
  "Nostalgia": 0.015136540494859218,
  "Pain": 0.00939402385847643,
  "Pride": 0.015411246952135116,
  "Realization": 0.05894375727511943,
  "Relief": 0.013910370739176869,
  "Romance": 0.00842169132665731,
  "Sadness": 0.012625003914581611,
  "Sarcasm": 0.023572637187317013,
  "Satisfaction": 0.0553333112038672,
  "Desire": 0.01953904627589509,
  "Shame": 0.008830321347340941,
  "Surprise (negative)": 0.029236045107245444,
  "Surprise (positive)": 0.029810037463903427,
  "Sympathy": 0.013246744452044368,
  "Tiredness": 0.03170231006806716,
  "Triumph": 0.02113777392078191
}