{
  "Admiration": 0.026263981853844598,
  "Adoration": 0.013549064134713263,
  "Aesthetic Appreciation": 0.03775309671182185,
  "Amusement": 0.03177535249851644,
  "Anger": 0.017223461833782493,
  "Annoyance": 0.06975101067218929,
  "Anxiety": 0.007687335379887372,
  "Awe": 0.014342298038536682,
  "Awkwardness": 0.04732284473720938,
  "Boredom": 0.09858786570839584,
  "Calmness": 0.09730286761187017,
  "Concentration": 0.057739817956462505,
  "Confusion": 0.18195933769457043,
  "Contemplation": 0.03455384692642838,
  "Contempt": 0.030045009031891824,
  "Contentment": 0.04639551303116605,
  "Craving": 0.005338594748172909,
  "Determination": 0.028139600571012124,
  "Disappointment": 0.03550561214797199,
  "Disapproval": 0.02979087062412873,
  "Disgust": 0.01676014857366681,
  "Distress": 0.018022011022549123,
  "Doubt": 0.025804879097267985,
  "Ecstasy": 0.007517068560991902,
  "Embarrassment": 0.012164442002540455,
  "Empathic Pain": 0.009155173145700246,
  "Enthusiasm": 0.028343596565537154,
  "Entrancement": 0.018679228727705777,
  "Envy": 0.00561679475940764,
  "Excitement": 0.014343736949376762,
  "Fear": 0.0032274540993967094,
  "Gratitude": 0.006547080710879527,
  "Guilt": 0.003579842037288472,
  "Horror": 0.002697518962668255,
  "Interest": 0.06324155332986266,
  "Joy": 0.022966230107704176,
  "Love": 0.015643759997328744,
  "Nostalgia": 0.008582057934836485,
  "Pain": 0.013805069110821933,
  "Pride": 0.020654130558250473,
  "Realization": 0.04394567096605897,
  "Relief": 0.008606689458247274,
  "Romance": 0.008587836430524475,
  "Sadness": 0.021600199193926528,
  "Sarcasm": 0.021059748134575784,
  "Satisfaction": 0.051587032608222214,
  "Desire": 0.011353185796178878,
  "Shame": 0.014671495324000717,
  "Surprise (negative)": 0.04423151744995266,
  "Surprise (positive)": 0.03287953967228532,
  "Sympathy": 0.011528324184473604,
  "Tiredness": 0.029651906015351413,
  "Triumph": 0.029189000092446803
}