{
  "Admiration": 0.02496186401695013,
  "Adoration": 0.011455979972379283,
  "Aesthetic Appreciation": 0.039144974946975705,
  "Amusement": 0.02742949759121984,
  "Anger": 0.005560856696683913,
  "Annoyance": 0.04086924761068076,
  "Anxiety": 0.0060927804559469225,
  "Awe": 0.018751611525658518,
  "Awkwardness": 0.040973424748517576,
  "Boredom": 0.11068202550522983,
  "Calmness": 0.131047223508358,
  "Concentration": 0.04961997424252331,
  "Confusion": 0.154351013363339,
  "Contemplation": 0.054417311865836385,
  "Contempt": 0.024241829011589288,
  "Contentment": 0.06489904643967748,
  "Craving": 0.00751533882576041,
  "Determination": 0.017860185424797236,
  "Disappointment": 0.02344625019468367,
  "Disapproval": 0.01662438365165144,
  "Disgust": 0.0077712386337225325,
  "Distress": 0.008947937484481371,
  "Doubt": 0.02326975066389423,
  "Ecstasy": 0.007573935633990914,
  "Embarrassment": 0.008360593355610036,
  "Empathic Pain": 0.006958502228371799,
  "Enthusiasm": 0.036586150620132686,
  "Entrancement": 0.017638157482724636,
  "Envy": 0.004551236663246527,
  "Excitement": 0.022313198063056917,
  "Fear": 0.0027716525350115263,
  "Gratitude": 0.010378796895383856,
  "Guilt": 0.0032607936969725414,
  "Horror": 0.0017833560250437586,
  "Interest": 0.06530272969976067,
  "Joy": 0.02612793678417802,
  "Love": 0.010591356048826129,
  "Nostalgia": 0.0164796486729756,
  "Pain": 0.007713785802479833,
  "Pride": 0.02441749130375683,
  "Realization": 0.04777558045461774,
  "Relief": 0.014432525832671673,
  "Romance": 0.004652290095691569,
  "Sadness": 0.009694027851219289,
  "Sarcasm": 0.01602522801840678,
  "Satisfaction": 0.06590080438181758,
  "Desire": 0.007484934109379537,
  "Shame": 0.010317355376901104,
  "Surprise (negative)": 0.029242394177708776,
  "Surprise (positive)": 0.028766611055471004,
  "Sympathy": 0.01273204282624647,
  "Tiredness": 0.029408691101707518,
  "Triumph": 0.029272706853225826
}