{
  "Admiration": 0.01666749462019652,
  "Adoration": 0.009792915848083793,
  "Aesthetic Appreciation": 0.036668980633839963,
  "Amusement": 0.02846253871684894,
  "Anger": 0.0065344617469236255,
  "Annoyance": 0.03465797754470259,
  "Anxiety": 0.009054912277497352,
  "Awe": 0.009306771960109473,
  "Awkwardness": 0.0501682652393356,
  "Boredom": 0.10917403940111399,
  "Calmness": 0.13342658933252097,
  "Concentration": 0.047555837174877526,
  "Confusion": 0.19084478004369884,
  "Contemplation": 0.046287715109065174,
  "Contempt": 0.022440006909891962,
  "Contentment": 0.05839181798510253,
  "Craving": 0.007252530392725021,
  "Determination": 0.015080301463603974,
  "Disappointment": 0.021405299822799862,
  "Disapproval": 0.013345755939371883,
  "Disgust": 0.0057227043551392855,
  "Distress": 0.013770222355378791,
  "Doubt": 0.027733040356542914,
  "Ecstasy": 0.006865352869499475,
  "Embarrassment": 0.008490696497028693,
  "Empathic Pain": 0.007404795844922774,
  "Enthusiasm": 0.021981109655462204,
  "Entrancement": 0.01719049734529108,
  "Envy": 0.004157557143480517,
  "Excitement": 0.009422553540207445,
  "Fear": 0.004033203631115612,
  "Gratitude": 0.009781902859685943,
  "Guilt": 0.0033699076157063246,
  "Horror": 0.0022127440315671265,
  "Interest": 0.05729316426441074,
  "Joy": 0.022481861198320983,
  "Love": 0.012687198386993259,
  "Nostalgia": 0.00914896343019791,
  "Pain": 0.01557178329967428,
  "Pride": 0.011073594947811216,
  "Realization": 0.041401643259450796,
  "Relief": 0.01552761027123779,
  "Romance": 0.006945711877779104,
  "Sadness": 0.012517444434342906,
  "Sarcasm": 0.02572869972791523,
  "Satisfaction": 0.04910311498679221,
  "Desire": 0.010792452018358744,
  "Shame": 0.01004039968829602,
  "Surprise (negative)": 0.030950747057795526,
  "Surprise (positive)": 0.023138924699742346,
  "Sympathy": 0.011430728877894581,
  "Tiredness": 0.032671525096520784,
  "Triumph": 0.020102794095873833
}