{
  "Admiration": 0.025826459494419397,
  "Adoration": 0.011901144811417907,
  "Aesthetic Appreciation": 0.0479578809812665,
  "Amusement": 0.036127856001257896,
  "Anger": 0.005644494137959555,
  "Annoyance": 0.03795657041482627,
  "Anxiety": 0.006558904604753479,
  "Awe": 0.016088141791988163,
  "Awkwardness": 0.0456114542670548,
  "Boredom": 0.10541707128286362,
  "Calmness": 0.12972011379897594,
  "Concentration": 0.055195889342576264,
  "Confusion": 0.19972709901630878,
  "Contemplation": 0.04609541995450854,
  "Contempt": 0.023667296138592066,
  "Contentment": 0.05542412484064698,
  "Craving": 0.004780743923038244,
  "Determination": 0.018697025487199426,
  "Disappointment": 0.024168613192159683,
  "Disapproval": 0.015333521674619988,
  "Disgust": 0.005465818505035714,
  "Distress": 0.009540810302132741,
  "Doubt": 0.02666937712347135,
  "Ecstasy": 0.008210308937123045,
  "Embarrassment": 0.008610433561261743,
  "Empathic Pain": 0.0067971243581268935,
  "Enthusiasm": 0.01959323943592608,
  "Entrancement": 0.023872736445628106,
  "Envy": 0.00518163844535593,
  "Excitement": 0.010996595432516187,
  "Fear": 0.0030820885964203625,
  "Gratitude": 0.008069492504000663,
  "Guilt": 0.002810585734550841,
  "Horror": 0.0020037616093759427,
  "Interest": 0.05970859248191118,
  "Joy": 0.019922139728441833,
  "Love": 0.010640333377523348,
  "Nostalgia": 0.00820034695789218,
  "Pain": 0.00900933588272892,
  "Pride": 0.01793425334035419,
  "Realization": 0.04681285247206688,
  "Relief": 0.013509874301962554,
  "Romance": 0.007483745270292275,
  "Sadness": 0.01032992024847772,
  "Sarcasm": 0.025088509486522526,
  "Satisfaction": 0.05376215539872646,
  "Desire": 0.013157877014600671,
  "Shame": 0.009975670935818925,
  "Surprise (negative)": 0.03834556029178202,
  "Surprise (positive)": 0.03390862396918237,
  "Sympathy": 0.011268996261060238,
  "Tiredness": 0.027746803080663084,
  "Triumph": 0.0263570295763202
}