{
  "Admiration": 0.0162267325213179,
  "Adoration": 0.009623401786666364,
  "Aesthetic Appreciation": 0.03398491975385696,
  "Amusement": 0.0273099698824808,
  "Anger": 0.005400719124008901,
  "Annoyance": 0.041505143092945215,
  "Anxiety": 0.00810618600808084,
  "Awe": 0.010127014853060246,
  "Awkwardness": 0.05367974808905274,
  "Boredom": 0.12578512523323299,
  "Calmness": 0.16306422594934702,
  "Concentration": 0.06588752642273903,
  "Confusion": 0.18964114799164236,
  "Contemplation": 0.049781151302158835,
  "Contempt": 0.025447124242782594,
  "Contentment": 0.059888224210590126,
  "Craving": 0.006233414777670987,
  "Determination": 0.03231728428509086,
  "Disappointment": 0.023467834026087077,
  "Disapproval": 0.017988572275498882,
  "Disgust": 0.005890394793823361,
  "Distress": 0.008816582127474248,
  "Doubt": 0.030784634663723408,
  "Ecstasy": 0.0065697441168595105,
  "Embarrassment": 0.009100953841698355,
  "Empathic Pain": 0.005746498459484428,
  "Enthusiasm": 0.01729747708886862,
  "Entrancement": 0.019396710791625082,
  "Envy": 0.0043481927743414415,
  "Excitement": 0.008485632529482246,
  "Fear": 0.004492127484991215,
  "Gratitude": 0.009175697009777651,
  "Guilt": 0.0028909435321111234,
  "Horror": 0.0020997109701056615,
  "Interest": 0.060405037831515074,
  "Joy": 0.017114807409234344,
  "Love": 0.011815453780582175,
  "Nostalgia": 0.006803973094793037,
  "Pain": 0.006160742163774558,
  "Pride": 0.01178201277507469,
  "Realization": 0.05471790046431124,
  "Relief": 0.0174799676053226,
  "Romance": 0.01318970987922512,
  "Sadness": 0.00876820413104724,
  "Sarcasm": 0.018721581692807375,
  "Satisfaction": 0.05531137073412538,
  "Desire": 0.02502770027058432,
  "Shame": 0.009813185513485223,
  "Surprise (negative)": 0.035284753574524076,
  "Surprise (positive)": 0.02721621785312891,
  "Sympathy": 0.010082201613113285,
  "Tiredness": 0.03706276307348162,
  "Triumph": 0.02110579782165587
}