{
  "Admiration": 0.02483708568615839,
  "Adoration": 0.014361289283260702,
  "Aesthetic Appreciation": 0.037893124273978174,
  "Amusement": 0.029131880728527904,
  "Anger": 0.012877158873016015,
  "Annoyance": 0.05341573716141283,
  "Anxiety": 0.0075515837030252445,
  "Awe": 0.01158296394860372,
  "Awkwardness": 0.05233243554830551,
  "Boredom": 0.10541132516227662,
  "Calmness": 0.11914160661399364,
  "Concentration": 0.05036244523944333,
  "Confusion": 0.1562609295360744,
  "Contemplation": 0.04201721432618797,
  "Contempt": 0.028441367903724313,
  "Contentment": 0.05652678897604346,
  "Craving": 0.0076215195877011865,
  "Determination": 0.037612207187339666,
  "Disappointment": 0.033137711323797704,
  "Disapproval": 0.02395458343671635,
  "Disgust": 0.008242476658779196,
  "Distress": 0.012755441828630865,
  "Doubt": 0.028799882845487446,
  "Ecstasy": 0.007700188501621597,
  "Embarrassment": 0.011304272554116323,
  "Empathic Pain": 0.008344999916153029,
  "Enthusiasm": 0.03546238812850788,
  "Entrancement": 0.01577087912010029,
  "Envy": 0.006122950336430222,
  "Excitement": 0.02055155989364721,
  "Fear": 0.0030178192566381766,
  "Gratitude": 0.008930403275007848,
  "Guilt": 0.00443661076715216,
  "Horror": 0.0017001616484776604,
  "Interest": 0.06346895331516862,
  "Joy": 0.027729986142367123,
  "Love": 0.012942070167628116,
  "Nostalgia": 0.009381952427793295,
  "Pain": 0.008622225062572398,
  "Pride": 0.02662947596400045,
  "Realization": 0.04438005769625306,
  "Relief": 0.010733849549433216,
  "Romance": 0.006407144435797818,
  "Sadness": 0.0257748348871246,
  "Sarcasm": 0.02183060855604708,
  "Satisfaction": 0.060940346110146495,
  "Desire": 0.01399510219343938,
  "Shame": 0.014668713125865906,
  "Surprise (negative)": 0.035278895124793055,
  "Surprise (positive)": 0.029946765000931918,
  "Sympathy": 0.011396471213083714,
  "Tiredness": 0.02588563470635563,
  "Triumph": 0.028311762597877533
}