{
  "Admiration": 0.030055215442553164,
  "Adoration": 0.011934982959064654,
  "Aesthetic Appreciation": 0.03777984594926238,
  "Amusement": 0.02012214098358527,
  "Anger": 0.014966870663920417,
  "Annoyance": 0.06104959535878152,
  "Anxiety": 0.010687588481232524,
  "Awe": 0.014759111439343543,
  "Awkwardness": 0.034160303859971465,
  "Boredom": 0.09580329190939665,
  "Calmness": 0.13280571289360524,
  "Concentration": 0.0774558304110542,
  "Confusion": 0.15625800136476756,
  "Contemplation": 0.07490686452947556,
  "Contempt": 0.04983939956873655,
  "Contentment": 0.06232877532020211,
  "Craving": 0.005533933395054191,
  "Determination": 0.031153369159437717,
  "Disappointment": 0.03687638412229717,
  "Disapproval": 0.03986165861133486,
  "Disgust": 0.015373230006662197,
  "Distress": 0.01349358256557025,
  "Doubt": 0.03137374504003674,
  "Ecstasy": 0.005541513644857332,
  "Embarrassment": 0.006973070948151872,
  "Empathic Pain": 0.007448278478113935,
  "Enthusiasm": 0.024381148838438095,
  "Entrancement": 0.019848866621032357,
  "Envy": 0.006190697124111466,
  "Excitement": 0.01208086971892044,
  "Fear": 0.004683826139080338,
  "Gratitude": 0.012590957916108892,
  "Guilt": 0.00274749617674388,
  "Horror": 0.0021923766762483865,
  "Interest": 0.06483138587791473,
  "Joy": 0.0183842546568485,
  "Love": 0.01255755848978879,
  "Nostalgia": 0.008072738663759082,
  "Pain": 0.010328707454027608,
  "Pride": 0.024550772935617714,
  "Realization": 0.07945380546152592,
  "Relief": 0.017129642982035877,
  "Romance": 0.00640111910761334,
  "Sadness": 0.015335857612080872,
  "Sarcasm": 0.02596187627641484,
  "Satisfaction": 0.06309612183831632,
  "Desire": 0.008942796602786985,
  "Shame": 0.011121700383955612,
  "Surprise (negative)": 0.03385977774159983,
  "Surprise (positive)": 0.026780098653398456,
  "Sympathy": 0.010665281536057591,
  "Tiredness": 0.03462773161008954,
  "Triumph": 0.03807983684819192
}