{
  "Admiration": 0.026621267886366696,
  "Adoration": 0.010017912823241205,
  "Aesthetic Appreciation": 0.04045578925870359,
  "Amusement": 0.024095255811698735,
  "Anger": 0.0054403384361648936,
  "Annoyance": 0.038080393173731866,
  "Anxiety": 0.006601870254962705,
  "Awe": 0.015136508323485032,
  "Awkwardness": 0.043905536225065586,
  "Boredom": 0.10637221736833453,
  "Calmness": 0.14385524466633798,
  "Concentration": 0.052673312136903405,
  "Confusion": 0.17812539925798773,
  "Contemplation": 0.08033864055760205,
  "Contempt": 0.02654720642603934,
  "Contentment": 0.06182465725578368,
  "Craving": 0.0051615953503642235,
  "Determination": 0.01953540265094489,
  "Disappointment": 0.02256706156767905,
  "Disapproval": 0.018371150933671743,
  "Disgust": 0.00641467678360641,
  "Distress": 0.00813489117717836,
  "Doubt": 0.02983328211121261,
  "Ecstasy": 0.005334306371514686,
  "Embarrassment": 0.007499819414806552,
  "Empathic Pain": 0.005846936404122971,
  "Enthusiasm": 0.01976510223466903,
  "Entrancement": 0.019376948033459483,
  "Envy": 0.005328244372503832,
  "Excitement": 0.008382279356010259,
  "Fear": 0.002755989515571855,
  "Gratitude": 0.00993028495577164,
  "Guilt": 0.0030059500262723305,
  "Horror": 0.0016538453859539005,
  "Interest": 0.06667462009936571,
  "Joy": 0.01620999020524323,
  "Love": 0.008744011085946113,
  "Nostalgia": 0.021978645079070703,
  "Pain": 0.006677984874113463,
  "Pride": 0.013930102693848312,
  "Realization": 0.057062041386961936,
  "Relief": 0.01711352132842876,
  "Romance": 0.0065136264151078645,
  "Sadness": 0.009849361926899291,
  "Sarcasm": 0.01833422239869833,
  "Satisfaction": 0.050632327795028687,
  "Desire": 0.016190852894214913,
  "Shame": 0.009257594001246617,
  "Surprise (negative)": 0.028754244244191797,
  "Surprise (positive)": 0.02987863337621093,
  "Sympathy": 0.010515610489528626,
  "Tiredness": 0.035474768141284585,
  "Triumph": 0.020542494673281907
}