{
  "Admiration": 0.039735987689346074,
  "Adoration": 0.020036981417797507,
  "Aesthetic Appreciation": 0.03628753842785955,
  "Amusement": 0.027220460958778857,
  "Anger": 0.008168504960485734,
  "Annoyance": 0.05032084423583001,
  "Anxiety": 0.011401450907578691,
  "Awe": 0.013663145608734339,
  "Awkwardness": 0.046730244043283166,
  "Boredom": 0.08664301480166614,
  "Calmness": 0.11079509779810906,
  "Concentration": 0.05149070280604064,
  "Confusion": 0.18070561899803578,
  "Contemplation": 0.03790617249906063,
  "Contempt": 0.026839775685220956,
  "Contentment": 0.07430022372864187,
  "Craving": 0.00609912681975402,
  "Determination": 0.038561520236544314,
  "Disappointment": 0.026876718146377244,
  "Disapproval": 0.018566173675935715,
  "Disgust": 0.007551360281649977,
  "Distress": 0.014969404530711472,
  "Doubt": 0.02791130946134217,
  "Ecstasy": 0.008533920522313564,
  "Embarrassment": 0.009469421094399877,
  "Empathic Pain": 0.008953293995000422,
  "Enthusiasm": 0.03784325653687119,
  "Entrancement": 0.01702120159752667,
  "Envy": 0.006050728645641356,
  "Excitement": 0.015164062450639903,
  "Fear": 0.004362222664349246,
  "Gratitude": 0.017769784806296228,
  "Guilt": 0.00410432150165434,
  "Horror": 0.002004349669368821,
  "Interest": 0.052925394754856823,
  "Joy": 0.04065665763337165,
  "Love": 0.016270103299757466,
  "Nostalgia": 0.007515708537539467,
  "Pain": 0.012052086321637035,
  "Pride": 0.027681103331269698,
  "Realization": 0.0446706872433424,
  "Relief": 0.017884074663743376,
  "Romance": 0.004842107361764647,
  "Sadness": 0.016163205116754398,
  "Sarcasm": 0.019574790704064073,
  "Satisfaction": 0.07525973983574659,
  "Desire": 0.009147886128630489,
  "Shame": 0.012450055906083436,
  "Surprise (negative)": 0.037417345610447225,
  "Surprise (positive)": 0.03023109408095479,
  "Sympathy": 0.012184544920455665,
  "Tiredness": 0.036686231335625055,
  "Triumph": 0.03693951508030295
}