{
  "Admiration": 0.030299242748878897,
  "Adoration": 0.01182355108903721,
  "Aesthetic Appreciation": 0.04749786879401654,
  "Amusement": 0.025600258563645183,
  "Anger": 0.005562529116286896,
  "Annoyance": 0.042820484307594595,
  "Anxiety": 0.00975419074529782,
  "Awe": 0.0154722718114499,
  "Awkwardness": 0.03989173742011189,
  "Boredom": 0.11982879480347038,
  "Calmness": 0.11885183872655034,
  "Concentration": 0.05301881371997297,
  "Confusion": 0.19387226768303661,
  "Contemplation": 0.04164460888132453,
  "Contempt": 0.022811997309327127,
  "Contentment": 0.07031102608889342,
  "Craving": 0.014935629355022684,
  "Determination": 0.02188383151078597,
  "Disappointment": 0.028117637999821456,
  "Disapproval": 0.014369932666886598,
  "Disgust": 0.006893495380063541,
  "Distress": 0.016638162668095903,
  "Doubt": 0.024351342633599414,
  "Ecstasy": 0.008855105028487742,
  "Embarrassment": 0.00862765677156858,
  "Empathic Pain": 0.006263223133282736,
  "Enthusiasm": 0.028701547486707567,
  "Entrancement": 0.019403099408373238,
  "Envy": 0.006621591534349136,
  "Excitement": 0.013683334179222583,
  "Fear": 0.002797345523140393,
  "Gratitude": 0.011758542235475034,
  "Guilt": 0.003054886343306862,
  "Horror": 0.0016794763985672034,
  "Interest": 0.06123601924628019,
  "Joy": 0.026054226444102824,
  "Love": 0.009303697926225141,
  "Nostalgia": 0.010111081710783764,
  "Pain": 0.01760479532240424,
  "Pride": 0.024697577508050017,
  "Realization": 0.04322755914181471,
  "Relief": 0.032750887679867446,
  "Romance": 0.00630951482016826,
  "Sadness": 0.013661400359706023,
  "Sarcasm": 0.01546924638096243,
  "Satisfaction": 0.07783044697716832,
  "Desire": 0.014737568395503331,
  "Shame": 0.010455678441212512,
  "Surprise (negative)": 0.03539616380003281,
  "Surprise (positive)": 0.03242498354520649,
  "Sympathy": 0.008765122829936444,
  "Tiredness": 0.04962226375937462,
  "Triumph": 0.04143439466133714
}