{
  "Admiration": 0.03328793933615089,
  "Adoration": 0.013887151726521552,
  "Aesthetic Appreciation": 0.041839493066072465,
  "Amusement": 0.022884592995978892,
  "Anger": 0.01511109827843029,
  "Annoyance": 0.05183853569906205,
  "Anxiety": 0.015554537816205994,
  "Awe": 0.023035907512530686,
  "Awkwardness": 0.03664275323972106,
  "Boredom": 0.11907518953084946,
  "Calmness": 0.13278725519776344,
  "Concentration": 0.0647856066818349,
  "Confusion": 0.12307530639227479,
  "Contemplation": 0.04795566883403808,
  "Contempt": 0.025500309420749545,
  "Contentment": 0.07798395254649222,
  "Craving": 0.007085325749358162,
  "Determination": 0.02907797561492771,
  "Disappointment": 0.023449711478315295,
  "Disapproval": 0.01914064897573553,
  "Disgust": 0.01187886210391298,
  "Distress": 0.017453442024998368,
  "Doubt": 0.019655481714289637,
  "Ecstasy": 0.008108036004705355,
  "Embarrassment": 0.007585494374507107,
  "Empathic Pain": 0.006940690439660102,
  "Enthusiasm": 0.024663225188851355,
  "Entrancement": 0.022070089064072818,
  "Envy": 0.0046500693773850795,
  "Excitement": 0.017944395495578646,
  "Fear": 0.006645045173354447,
  "Gratitude": 0.012370238162111491,
  "Guilt": 0.0027898538304725663,
  "Horror": 0.003529995618737303,
  "Interest": 0.04668163130991161,
  "Joy": 0.02162161215674132,
  "Love": 0.010574667551554739,
  "Nostalgia": 0.012436795435496606,
  "Pain": 0.009859485982451588,
  "Pride": 0.016714530682656915,
  "Realization": 0.04377289921976626,
  "Relief": 0.021098366065416485,
  "Romance": 0.006526494567515329,
  "Sadness": 0.011185327486600727,
  "Sarcasm": 0.01623527196934447,
  "Satisfaction": 0.06425457233563066,
  "Desire": 0.017391500325175002,
  "Shame": 0.009340836171759292,
  "Surprise (negative)": 0.030716506217140706,
  "Surprise (positive)": 0.02287739559542388,
  "Sympathy": 0.010559296398423613,
  "Tiredness": 0.05804127377923578,
  "Triumph": 0.032611846702639016
}