{
  "Admiration": 0.01893717674538493,
  "Adoration": 0.010494369897060096,
  "Aesthetic Appreciation": 0.04382979145739228,
  "Amusement": 0.039937841007485986,
  "Anger": 0.006435139224049635,
  "Annoyance": 0.040592837147414684,
  "Anxiety": 0.007729613839183002,
  "Awe": 0.011220630072057248,
  "Awkwardness": 0.052275257324799894,
  "Boredom": 0.10545901954174042,
  "Calmness": 0.11485433783382178,
  "Concentration": 0.0878856333438307,
  "Confusion": 0.18362993067130445,
  "Contemplation": 0.04647461278364062,
  "Contempt": 0.028048428939655423,
  "Contentment": 0.04806007919833064,
  "Craving": 0.01595122816506773,
  "Determination": 0.07119610463269055,
  "Disappointment": 0.035307873447891325,
  "Disapproval": 0.020251793891657145,
  "Disgust": 0.009579957550158724,
  "Distress": 0.01211070753633976,
  "Doubt": 0.02801183082628995,
  "Ecstasy": 0.007310673483880236,
  "Embarrassment": 0.011077812378061935,
  "Empathic Pain": 0.008373669383581727,
  "Enthusiasm": 0.0352043877588585,
  "Entrancement": 0.018776384042575957,
  "Envy": 0.0051153074076864865,
  "Excitement": 0.015473102882970125,
  "Fear": 0.003650706895859912,
  "Gratitude": 0.008155250747222453,
  "Guilt": 0.004636627799482085,
  "Horror": 0.002476305147865787,
  "Interest": 0.06427099127322436,
  "Joy": 0.026832593884319068,
  "Love": 0.008925630419980735,
  "Nostalgia": 0.009830765443621204,
  "Pain": 0.01197074138908647,
  "Pride": 0.014539967710152268,
  "Realization": 0.04452495444566011,
  "Relief": 0.010057644289918243,
  "Romance": 0.005315225854428718,
  "Sadness": 0.02298719729296863,
  "Sarcasm": 0.03962700937408954,
  "Satisfaction": 0.04518884620629251,
  "Desire": 0.009740831940143834,
  "Shame": 0.014094030973501504,
  "Surprise (negative)": 0.040792120969854295,
  "Surprise (positive)": 0.030956523562781512,
  "Sympathy": 0.011991021991707384,
  "Tiredness": 0.026198440324515106,
  "Triumph": 0.026630885258782655
}