{
  "Admiration": 0.031460069492459296,
  "Adoration": 0.011662020266521722,
  "Aesthetic Appreciation": 0.03537333759013563,
  "Amusement": 0.028703879599925132,
  "Anger": 0.01771161468786886,
  "Annoyance": 0.08186049745418131,
  "Anxiety": 0.005722157750278711,
  "Awe": 0.011215541209094227,
  "Awkwardness": 0.055351019091904166,
  "Boredom": 0.09329558201134205,
  "Calmness": 0.14991053137928248,
  "Concentration": 0.04547883635386825,
  "Confusion": 0.15087311426177621,
  "Contemplation": 0.04104606006294489,
  "Contempt": 0.044275663513690236,
  "Contentment": 0.08411585981957614,
  "Craving": 0.008067545088124461,
  "Determination": 0.05059617736842483,
  "Disappointment": 0.04711818349314854,
  "Disapproval": 0.04284359607845545,
  "Disgust": 0.012989448645384982,
  "Distress": 0.011533816283917985,
  "Doubt": 0.027794941468164323,
  "Ecstasy": 0.004668805719120428,
  "Embarrassment": 0.012296582688577473,
  "Empathic Pain": 0.005732877610716969,
  "Enthusiasm": 0.03697712460998446,
  "Entrancement": 0.015758516790810972,
  "Envy": 0.005919066521164496,
  "Excitement": 0.012794871377991512,
  "Fear": 0.0024493626173352824,
  "Gratitude": 0.013722795731155202,
  "Guilt": 0.004309902642853558,
  "Horror": 0.0017528224860143382,
  "Interest": 0.07651934293098747,
  "Joy": 0.019705889478791504,
  "Love": 0.010455017373897136,
  "Nostalgia": 0.006511814534314908,
  "Pain": 0.007928635465214029,
  "Pride": 0.018545787769835443,
  "Realization": 0.053847411181777716,
  "Relief": 0.011564137478126213,
  "Romance": 0.0071192717790836465,
  "Sadness": 0.011680149583844468,
  "Sarcasm": 0.02990549015812576,
  "Satisfaction": 0.06998707486782223,
  "Desire": 0.02308483717351919,
  "Shame": 0.014400770084466784,
  "Surprise (negative)": 0.04693740820512175,
  "Surprise (positive)": 0.030704857409000398,
  "Sympathy": 0.009866343485191465,
  "Tiredness": 0.027512127789668737,
  "Triumph": 0.02468999136472121
}