{
  "Admiration": 0.021261330926790833,
  "Adoration": 0.01282165237062145,
  "Aesthetic Appreciation": 0.03148378662299365,
  "Amusement": 0.023815696500241755,
  "Anger": 0.00586223796417471,
  "Annoyance": 0.03839663709513843,
  "Anxiety": 0.013347246102057397,
  "Awe": 0.012857195921242237,
  "Awkwardness": 0.03831792958080769,
  "Boredom": 0.10335811777040363,
  "Calmness": 0.1255694204941392,
  "Concentration": 0.06056878119707108,
  "Confusion": 0.1746120505966246,
  "Contemplation": 0.06826844392344356,
  "Contempt": 0.020711138076148928,
  "Contentment": 0.052153879031538966,
  "Craving": 0.004189343028701842,
  "Determination": 0.02348766862414777,
  "Disappointment": 0.026131717895623296,
  "Disapproval": 0.014962040330283343,
  "Disgust": 0.005723591960850172,
  "Distress": 0.01693457837100141,
  "Doubt": 0.034663598833139984,
  "Ecstasy": 0.007176472921855748,
  "Embarrassment": 0.007785329487523996,
  "Empathic Pain": 0.006433741649379954,
  "Enthusiasm": 0.02859555250033736,
  "Entrancement": 0.018413305282592773,
  "Envy": 0.004012393215089105,
  "Excitement": 0.014259053184650839,
  "Fear": 0.012599415566364769,
  "Gratitude": 0.007757704379037023,
  "Guilt": 0.002407729785772972,
  "Horror": 0.003977308803951018,
  "Interest": 0.07303619980812073,
  "Joy": 0.0213627002958674,
  "Love": 0.017260252466803648,
  "Nostalgia": 0.00920458568725735,
  "Pain": 0.012660209921887145,
  "Pride": 0.015637332131154834,
  "Realization": 0.053096913173794745,
  "Relief": 0.010595386335626244,
  "Romance": 0.009819627787510398,
  "Sadness": 0.012839106420869939,
  "Sarcasm": 0.017746026732493193,
  "Satisfaction": 0.047609798284247516,
  "Desire": 0.010343079111771658,
  "Shame": 0.009696334350155666,
  "Surprise (negative)": 0.04484956117812544,
  "Surprise (positive)": 0.028976583993062376,
  "Sympathy": 0.009290118952048943,
  "Tiredness": 0.042742099077440796,
  "Triumph": 0.022562750661745668
}