{
  "Admiration": 0.01753973582526669,
  "Adoration": 0.0104869095957838,
  "Aesthetic Appreciation": 0.03663954350631684,
  "Amusement": 0.0352220868691802,
  "Anger": 0.008662209965405055,
  "Annoyance": 0.04957617083564401,
  "Anxiety": 0.007280531729338691,
  "Awe": 0.009609887329861521,
  "Awkwardness": 0.04853042466565967,
  "Boredom": 0.11129719279706478,
  "Calmness": 0.13867374900728463,
  "Concentration": 0.03937727233860642,
  "Confusion": 0.1776784472167492,
  "Contemplation": 0.04659282509237528,
  "Contempt": 0.029763454245403408,
  "Contentment": 0.06409961129538715,
  "Craving": 0.005951900193758774,
  "Determination": 0.013782743515912443,
  "Disappointment": 0.037332924897782505,
  "Disapproval": 0.025566442403942347,
  "Disgust": 0.010614649316994473,
  "Distress": 0.012407216767314821,
  "Doubt": 0.026693748775869608,
  "Ecstasy": 0.005552441842155531,
  "Embarrassment": 0.009777357685379684,
  "Empathic Pain": 0.00868611564510502,
  "Enthusiasm": 0.018738791788928212,
  "Entrancement": 0.015246300608851016,
  "Envy": 0.004480331280501559,
  "Excitement": 0.009326412854716182,
  "Fear": 0.0031488834458286872,
  "Gratitude": 0.009343307925155387,
  "Guilt": 0.00541368561098352,
  "Horror": 0.002345992762275273,
  "Interest": 0.05692976880818605,
  "Joy": 0.022714291885495185,
  "Love": 0.014818081841804087,
  "Nostalgia": 0.008154806069796905,
  "Pain": 0.012504656467353926,
  "Pride": 0.011332090268842876,
  "Realization": 0.049120349297299984,
  "Relief": 0.013278259173966944,
  "Romance": 0.008696099471126217,
  "Sadness": 0.01793197982478887,
  "Sarcasm": 0.026415283302776517,
  "Satisfaction": 0.04971872284077108,
  "Desire": 0.010941676126094535,
  "Shame": 0.01326579654123634,
  "Surprise (negative)": 0.045574767515063286,
  "Surprise (positive)": 0.02895780000835657,
  "Sympathy": 0.012890659819822759,
  "Tiredness": 0.028605178697034717,
  "Triumph": 0.0163444381672889
}