{
  "Admiration": 0.01328373992582783,
  "Adoration": 0.007844474868034013,
  "Aesthetic Appreciation": 0.026276239019352943,
  "Amusement": 0.028228300460614263,
  "Anger": 0.015181523762294091,
  "Annoyance": 0.08259380063973368,
  "Anxiety": 0.015484367415774613,
  "Awe": 0.010228091711178422,
  "Awkwardness": 0.053517337143421176,
  "Boredom": 0.08508483716286719,
  "Calmness": 0.10258503784425557,
  "Concentration": 0.04989068016875535,
  "Confusion": 0.26430276967585087,
  "Contemplation": 0.05186304775997996,
  "Contempt": 0.02588466163724661,
  "Contentment": 0.03634506840026006,
  "Craving": 0.004712012605159544,
  "Determination": 0.014148607640527189,
  "Disappointment": 0.04441153374500573,
  "Disapproval": 0.02535669200588018,
  "Disgust": 0.009576384274987504,
  "Distress": 0.033886285632615906,
  "Doubt": 0.033835815731436014,
  "Ecstasy": 0.005149922170676291,
  "Embarrassment": 0.013140274025499821,
  "Empathic Pain": 0.005711342324502766,
  "Enthusiasm": 0.015223076118854807,
  "Entrancement": 0.016725458891596646,
  "Envy": 0.0037799499928951263,
  "Excitement": 0.010590018294169567,
  "Fear": 0.008491046144627035,
  "Gratitude": 0.006834449335292448,
  "Guilt": 0.003761418197245803,
  "Horror": 0.00517912135401275,
  "Interest": 0.048083197232335805,
  "Joy": 0.01473725654068403,
  "Love": 0.007330946417641826,
  "Nostalgia": 0.007405773397476878,
  "Pain": 0.019612397215678357,
  "Pride": 0.007108715258073062,
  "Realization": 0.04858337370678782,
  "Relief": 0.010155891283648088,
  "Romance": 0.0048168360255658625,
  "Sadness": 0.022579873257200234,
  "Sarcasm": 0.024449359672144056,
  "Satisfaction": 0.03196460244944319,
  "Desire": 0.008133141836151481,
  "Shame": 0.013104213523911312,
  "Surprise (negative)": 0.07873888725880533,
  "Surprise (positive)": 0.028754754876717924,
  "Sympathy": 0.00748980650678277,
  "Tiredness": 0.038815756677649915,
  "Triumph": 0.012343524722382426
}