{
  "Admiration": 0.024448315834160895,
  "Adoration": 0.011191911491914652,
  "Aesthetic Appreciation": 0.03660960630513728,
  "Amusement": 0.026874859514646233,
  "Anger": 0.005050674846279435,
  "Annoyance": 0.038857352011837064,
  "Anxiety": 0.007341948471730575,
  "Awe": 0.014139173412695527,
  "Awkwardness": 0.04546691726427525,
  "Boredom": 0.09786578342318535,
  "Calmness": 0.11616216376423835,
  "Concentration": 0.06637546923011542,
  "Confusion": 0.24146307576447726,
  "Contemplation": 0.0543314908631146,
  "Contempt": 0.023879999434575437,
  "Contentment": 0.05280203712172806,
  "Craving": 0.005424952859175392,
  "Determination": 0.029841634212061763,
  "Disappointment": 0.02791166821261868,
  "Disapproval": 0.014460972626693547,
  "Disgust": 0.005022840021410957,
  "Distress": 0.009438714847783558,
  "Doubt": 0.03208458030130714,
  "Ecstasy": 0.005992226928356104,
  "Embarrassment": 0.009416628562030382,
  "Empathic Pain": 0.004532575630582869,
  "Enthusiasm": 0.02287697980646044,
  "Entrancement": 0.02067004198906943,
  "Envy": 0.0052181978709995745,
  "Excitement": 0.011131103543448262,
  "Fear": 0.0035242603553342633,
  "Gratitude": 0.008079293151968158,
  "Guilt": 0.0029206844745203854,
  "Horror": 0.002249765421584016,
  "Interest": 0.06614046008326113,
  "Joy": 0.01871729011181742,
  "Love": 0.008608256879961118,
  "Nostalgia": 0.010179586848244071,
  "Pain": 0.00590747605310753,
  "Pride": 0.020494913053698837,
  "Realization": 0.0578379332087934,
  "Relief": 0.01111462014960125,
  "Romance": 0.006144467208650894,
  "Sadness": 0.00921922315028496,
  "Sarcasm": 0.01948877323884517,
  "Satisfaction": 0.04954337538219988,
  "Desire": 0.008311947018955834,
  "Shame": 0.010108415078138932,
  "Surprise (negative)": 0.0377902812208049,
  "Surprise (positive)": 0.03028095536865294,
  "Sympathy": 0.0077590763685293496,
  "Tiredness": 0.026124082319438458,
  "Triumph": 0.031307224580086765
}