{
  "Admiration": 0.01664982598158531,
  "Adoration": 0.009092880907701328,
  "Aesthetic Appreciation": 0.02846529078669846,
  "Amusement": 0.032127120159566404,
  "Anger": 0.008248350674693938,
  "Annoyance": 0.0424584322841838,
  "Anxiety": 0.009780007996596396,
  "Awe": 0.00890793774742633,
  "Awkwardness": 0.04801621055230498,
  "Boredom": 0.10717412661761046,
  "Calmness": 0.14687883835285903,
  "Concentration": 0.04981332130264491,
  "Confusion": 0.1542243047617376,
  "Contemplation": 0.07413959777913988,
  "Contempt": 0.02849586233496666,
  "Contentment": 0.07348549673333764,
  "Craving": 0.008352147992991377,
  "Determination": 0.031247360387351365,
  "Disappointment": 0.027250820049084724,
  "Disapproval": 0.016207605286035688,
  "Disgust": 0.006478374302969314,
  "Distress": 0.014254658884601668,
  "Doubt": 0.026001728093251585,
  "Ecstasy": 0.007137366285314783,
  "Embarrassment": 0.009524769705603831,
  "Empathic Pain": 0.007427996618207544,
  "Enthusiasm": 0.026139126252382995,
  "Entrancement": 0.0160269906045869,
  "Envy": 0.004297247459180653,
  "Excitement": 0.011974119779188186,
  "Fear": 0.004223140436806716,
  "Gratitude": 0.011916397232562303,
  "Guilt": 0.004115522670326754,
  "Horror": 0.0018153459539462346,
  "Interest": 0.046721197804436086,
  "Joy": 0.03168398727430031,
  "Love": 0.011054466004134155,
  "Nostalgia": 0.0211715429846663,
  "Pain": 0.014596437744330615,
  "Pride": 0.015037365583702922,
  "Realization": 0.04600826054811478,
  "Relief": 0.016021969262510538,
  "Romance": 0.005441915671690367,
  "Sadness": 0.024211973370984196,
  "Sarcasm": 0.02934357782360166,
  "Satisfaction": 0.05664525632746518,
  "Desire": 0.008406818602816201,
  "Shame": 0.012397576298099011,
  "Surprise (negative)": 0.02922638936433941,
  "Surprise (positive)": 0.019748634967254475,
  "Sympathy": 0.011212501081172378,
  "Tiredness": 0.04597397497855127,
  "Triumph": 0.022504939045757056
}